1406714951451,949,0,Home
1406714952288,23,1,Home
1406714958106,1699,3,Home
1406714958299,3759,2,Home
1406714959834,1523,4,Home
1406714962593,666,6,Home
1406714964599,4351,5,Home
1406714967241,211,8,Home
1406714968618,3908,7,Home
1406714969515,338,3,Register
1406714969813,470,4,Register
1406714969981,20,4,RegisterDetails
1406714970151,839,2,Register
1406714970914,430,2,RegisterDetails
1406714970947,1661,6,Register
1406714971251,191,9,Home
1406714976222,680,6,RegisterDetails
1406714979783,1432,2,Logout
1406714979788,1449,6,Logout
1406714981255,5950,10,Home
1406714982547,426,12,Home
1406714983368,4470,11,Home
1406714983868,8368,3,RegisterDetails
1406714984133,533,5,Register
1406714984543,22,7,Register
1406714985148,361,7,RegisterDetails
1406714985396,1905,9,Register
1406714985462,1074,5,RegisterDetails
1406714985542,2016,8,Register
1406714988086,2299,8,RegisterDetails
1406714988311,1014,13,Home
1406714988951,5267,1,Register
1406714990551,89,9,RegisterDetails
1406714991739,8140,0,Register
1406714992914,450,14,Home
1406714993813,4503,1,RegisterDetails
1406714995266,443,7,Logout
1406714996006,3208,5,Logout
1406714996280,2926,9,Logout
1406714996684,4375,0,RegisterDetails
1406714997342,230,15,Home
1406714997980,1893,1,Logout
1406714998956,569,11,Register
1406715000247,927,11,RegisterDetails
1406715000716,1225,0,Logout
1406715001602,163,16,Home
1406715004881,5291,13,Register
1406715005505,713,10,Register
1406715007623,3261,12,Register
1406715008123,1964,10,RegisterDetails
1406715008214,129,12,RegisterDetails
1406715009650,4460,4,Logout
1406715010248,3130,17,Home
1406715011895,3175,11,Logout
1406715012870,1283,10,Logout
1406715014349,323,3,Logout
1406715014797,898,14,Register
1406715015162,2329,18,Home
1406715015738,351,15,Register
1406715015749,10430,13,RegisterDetails
1406715016052,1821,8,Logout
1406715017728,1929,14,RegisterDetails
1406715017929,1714,15,RegisterDetails
1406715018473,886,6,End
1406715018477,302,13,Logout
1406715018611,3471,12,Logout
1406715018812,2321,2,End
1406715019994,1351,17,Register
1406715020165,346,16,Register
1406715021685,1087,17,RegisterDetails
1406715021909,3716,19,Home
1406715022341,1769,16,RegisterDetails
1406715024445,553,15,Logout
1406715026065,1547,14,Logout
1406715026292,1707,20,Home
1406715027304,908,17,Logout
1406715027363,787,16,Logout
1406715032354,950,21,Home
1406715039160,110,22,Home
1406715048791,2734,23,Home
1406715048875,643,18,Register
1406715049181,755,19,Register
1406715049796,41,18,RegisterDetails
1406715050755,30,19,RegisterDetails
1406715050759,1764,7,End
1406715053575,323,24,Home
1406715060209,292,21,Register
1406715060765,1043,18,Logout
1406715060922,378,4,End
1406715061211,1552,19,Logout
1406715061262,486,23,Register
1406715061505,222,21,RegisterDetails
1406715061536,2032,24,Register
1406715061579,235,13,End
1406715062112,965,25,Home
1406715063628,1851,23,RegisterDetails
1406715063821,1791,24,RegisterDetails
1406715063977,745,0,End
1406715064530,1468,5,End
1406715064995,2231,3,End
1406715065075,304,20,Register
1406715066284,89,9,End
1406715068931,7628,1,End
1406715069144,6091,22,Register
1406715069750,2857,20,RegisterDetails
1406715070218,567,22,RegisterDetails
1406715070884,848,11,End
1406715071783,2666,26,Home
1406715072065,3270,24,Logout
1406715072843,3128,21,Logout
1406715073348,558,20,Logout
1406715074205,5832,23,Logout
1406715074351,670,10,End
1406715076601,2913,16,End
1406715076745,3402,12,End
1406715076758,2644,22,Logout
1406715080465,1020,28,Home
1406715080590,2709,17,End
1406715081077,6942,27,Home
1406715085981,1938,25,Register
1406715089937,5135,29,Home
1406715091068,323,19,End
1406715091587,897,15,End
1406715092053,1480,14,End
1406715093024,3577,30,Home
1406715093253,6849,25,RegisterDetails
1406715094500,403,24,End
1406715094662,207,20,End
1406715094765,121,31,Home
1406715094766,2624,29,Register
1406715095409,84,29,RegisterDetails
1406715095598,1870,23,End
1406715097426,1075,25,Logout
1406715097870,7322,26,Register
1406715098481,3183,30,Register
1406715098536,75,29,Logout
1406715099006,259,30,RegisterDetails
1406715100061,1838,26,RegisterDetails
1406715103150,3784,32,Home
1406715103233,705,30,Logout
1406715104319,1017,26,Logout
1406715106001,761,33,Home
1406715107199,1936,32,Register
1406715108949,1366,32,RegisterDetails
1406715109484,2025,25,End
1406715109617,1730,33,Register
1406715110836,675,33,RegisterDetails
1406715111226,797,18,End
1406715111836,750,34,Home
1406715112117,32,7,Home
1406715112149,57,19,Home
1406715112247,163,6,Home
1406715112250,156,25,Home
1406715112291,204,13,Home
1406715112411,322,12,Home
1406715112438,352,3,Home
1406715112486,398,11,Home
1406715112894,1135,28,Register
1406715113008,919,17,Home
1406715113125,1032,23,Home
1406715113795,1709,5,Home
1406715113839,1451,26,End
1406715113887,1802,2,Home
1406715114150,2058,20,Home
1406715114238,2146,14,Home
1406715114647,2554,24,Home
1406715114647,135,32,Logout
1406715114720,2632,10,Home
1406715114742,2429,27,Register
1406715115188,92,8,End
1406715115342,3253,16,Home
1406715115405,3318,9,Home
1406715116096,2422,28,RegisterDetails
1406715116238,4153,4,Home
1406715116327,4237,15,Home
1406715116548,1222,34,Register
1406715116716,3519,18,Home
1406715116908,2275,33,Logout
1406715117976,2088,25,Login
1406715118621,6533,1,Home
1406715118866,6780,0,Home
1406715119026,2141,26,Home
1406715119282,4088,29,End
1406715119436,3909,27,RegisterDetails
1406715119506,1567,11,Login
1406715119658,640,24,Login
1406715119859,480,16,Login
1406715119964,2409,23,Login
1406715120213,1572,25,LoginDetails
1406715120559,480,11,LoginDetails
1406715120995,4390,21,End
1406715121110,693,23,LoginDetails
1406715121317,708,18,Login
1406715121543,2535,8,Home
1406715121963,1645,16,LoginDetails
1406715122420,408,18,LoginDetails
1406715122834,4996,34,RegisterDetails
1406715123113,2533,24,LoginDetails
1406715123357,4018,5,Login
1406715123498,619,1,Login
1406715123507,460,30,End
1406715123990,111,6,Login
1406715124413,7264,3,Login
1406715124505,2065,11,Home
1406715124532,7319,13,Login
1406715124580,396,15,Login
1406715124800,600,10,Login
1406715124959,1166,5,LoginDetails
1406715124983,629,32,End
1406715125420,840,6,LoginDetails
1406715125428,1785,28,Logout
1406715125688,1457,12,Login
1406715125754,1522,26,Login
1406715125861,3173,29,Home
1406715126018,124,18,Home
1406715126105,226,10,LoginDetails
1406715126128,1915,21,Home
1406715126261,462,15,LoginDetails
1406715126306,5805,4,Login
1406715126612,2508,1,LoginDetails
1406715127065,143,27,Logout
1406715127162,2313,3,LoginDetails
1406715127627,3359,0,Login
1406715128427,2127,26,LoginDetails
1406715128682,2140,8,Login
1406715128940,2697,12,LoginDetails
1406715129385,500,10,Home
1406715129872,816,15,Home
1406715130512,5535,13,LoginDetails
1406715130789,4043,4,LoginDetails
1406715131420,3297,0,LoginDetails
1406715132173,11217,9,Login
1406715132433,3366,8,LoginDetails
1406715132956,3909,32,Home
1406715133045,1715,30,Home
1406715134154,7626,25,QuickAddMain
1406715134947,47,19,Login
1406715136233,3658,9,LoginDetails
1406715136646,1959,17,Login
1406715136681,5331,34,Logout
1406715137265,1834,19,LoginDetails
1406715139399,4487,7,Login
1406715139464,4421,2,Login
1406715139621,2623,17,LoginDetails
1406715139652,4853,14,Login
1406715140992,438,16,QuickAddMain
1406715141159,1248,2,LoginDetails
1406715141506,1675,7,LoginDetails
1406715142655,960,4,QuickAddMain
1406715142771,988,26,QuickAddMain
1406715143047,2462,11,Login
1406715143107,1594,32,Login
1406715143158,1697,23,QuickAddMain
1406715143392,1372,1,QuickAddMain
1406715143415,1707,13,QuickAddMain
1406715143819,390,11,LoginDetails
1406715143898,2941,33,End
1406715144056,3335,24,QuickAddMain
1406715144107,3237,18,Login
1406715144426,714,21,Login
1406715144625,2143,30,Login
1406715144678,1204,32,LoginDetails
1406715144799,395,8,QuickAddMain
1406715144811,134,9,QuickAddMain
1406715145367,245,2,Home
1406715146182,6109,14,LoginDetails
1406715146397,2126,0,QuickAddMain
1406715147329,5593,3,QuickAddMain
1406715147494,642,20,Login
1406715147631,573,33,Home
1406715148367,3668,18,LoginDetails
1406715148775,319,28,End
1406715148947,732,20,LoginDetails
1406715148977,7570,5,QuickAddMain
1406715150143,616,34,End
1406715150286,5112,21,LoginDetails
1406715150386,5352,30,LoginDetails
1406715150901,400,32,QuickAddMain
1406715151642,255,33,Login
1406715151713,3262,16,CartAddAll
1406715151913,1282,26,CartAddAll
1406715152543,184,33,LoginDetails
1406715152758,1907,13,CartAddAll
1406715152834,872,27,End
1406715153521,1137,6,QuickAddMain
1406715154056,95,22,End
1406715154062,3528,11,QuickAddMain
1406715154189,972,16,Logout
1406715154609,4993,23,CartAddAll
1406715154702,2455,12,QuickAddMain
1406715154942,544,13,Logout
1406715155007,387,1,CartAddAll
1406715155093,553,29,Login
1406715155098,3243,9,CartAddAll
1406715155572,338,25,Home
1406715156063,2335,26,Logout
1406715156387,621,29,LoginDetails
1406715156901,211,1,Logout
1406715157515,1362,28,Home
1406715157519,700,9,Logout
1406715157604,1240,23,Logout
1406715157684,950,5,CartAddAll
1406715157942,2692,18,QuickAddMain
1406715158163,71,34,Home
1406715158710,2003,0,CartAddAll
1406715159988,3685,33,Home
1406715160556,383,0,Logout
1406715160704,1554,5,Logout
1406715160856,5175,31,Register
1406715161856,5952,27,Home
1406715162787,1145,11,CartAddAll
1406715163388,325,34,Login
1406715163742,1937,30,QuickAddMain
1406715163871,1508,28,Login
1406715164004,2191,3,Home
1406715164546,821,34,LoginDetails
1406715165049,818,28,LoginDetails
1406715165127,3896,32,CartAddAll
1406715165782,1303,11,Logout
1406715166056,3283,21,QuickAddMain
1406715167143,5316,31,RegisterDetails
1406715167397,517,8,Home
1406715167499,68,25,Login
1406715167560,9999,22,Home
1406715167800,1832,33,Login
1406715167983,2082,29,QuickAddMain
1406715169415,1132,25,LoginDetails
1406715169790,3035,32,Logout
1406715169824,1443,33,LoginDetails
1406715171728,3811,27,Login
1406715172301,313,25,Home
1406715172390,1042,4,Home
1406715172477,347,27,LoginDetails
1406715174322,3761,30,CartAddAll
1406715174357,382,28,QuickAddMain
1406715174582,958,21,CartAddAll
1406715175269,1231,17,QuickAddMain
1406715175396,1352,31,Logout
1406715176000,64,34,QuickAddMain
1406715176865,3085,19,QuickAddMain
1406715176941,125,21,Logout
1406715176966,2809,8,Login
1406715177353,329,26,End
1406715177806,1602,30,Logout
1406715178784,1431,8,LoginDetails
1406715178835,2845,23,End
1406715178934,1052,33,QuickAddMain
1406715179081,636,25,Login
1406715179488,2728,1,End
1406715179884,2175,16,End
1406715180662,5229,18,Home
1406715180680,1780,27,QuickAddMain
1406715181327,384,0,Home
1406715182141,4172,13,End
1406715183532,139,16,Home
1406715185169,54,6,CartAddAll
1406715185876,230,13,Home
1406715186457,191,2,Login
1406715186511,2974,11,End
1406715187216,791,14,QuickAddMain
1406715187638,2877,32,End
1406715187672,736,6,Logout
1406715187878,8050,25,LoginDetails
1406715188110,2682,34,CartAddAll
1406715188115,864,2,LoginDetails
1406715189154,3882,12,CartAddAll
1406715189298,3783,26,Home
1406715189880,437,31,End
1406715190158,3646,7,QuickAddMain
1406715190278,484,13,Login
1406715190432,650,34,Logout
1406715190938,5516,0,Login
1406715191013,853,30,End
1406715191034,271,13,LoginDetails
1406715191121,6231,9,End
1406715191856,3387,16,Login
1406715192089,5923,8,QuickAddMain
1406715192408,1719,12,Logout
1406715192933,6662,10,Login
1406715193116,2728,28,Home
1406715193185,276,31,Home
1406715193922,1593,16,LoginDetails
1406715194066,2044,32,Home
1406715194071,7639,15,Login
1406715194277,1241,25,QuickAddMain
1406715194438,523,9,Home
1406715194710,1383,10,LoginDetails
1406715195000,485,15,LoginDetails
1406715195223,272,26,Login
1406715195302,3838,0,LoginDetails
1406715195766,63,26,LoginDetails
1406715197364,6873,11,Home
1406715198070,64,9,Login
1406715198596,317,31,Login
1406715198740,234,9,LoginDetails
1406715199423,262,15,Home
1406715199443,1075,30,Home
1406715199758,4004,33,Home
1406715200969,2219,13,QuickAddMain
1406715201680,931,19,CartAddAll
1406715201855,2940,10,Home
1406715201926,1664,17,CartAddAll
1406715202286,2822,28,Login
1406715202498,3453,31,LoginDetails
1406715202721,6875,1,Home
1406715203481,3228,16,QuickAddMain
1406715203978,3364,0,QuickAddMain
1406715204386,1758,28,LoginDetails
1406715205131,1958,19,Logout
1406715205415,1982,17,Logout
1406715205425,1360,25,Home
1406715205824,4024,26,QuickAddMain
1406715206970,903,34,End
1406715207049,752,20,QuickAddMain
1406715208083,215,31,QuickAddMain
1406715208745,3421,9,QuickAddMain
1406715209545,13474,27,Home
1406715211387,1006,33,Login
1406715211478,498,28,QuickAddMain
1406715211624,722,16,Home
1406715211732,627,29,Home
1406715212609,1015,22,Login
1406715212735,1249,14,CartAddAll
1406715213325,729,7,CartAddAll
1406715213392,4911,13,CartAddAll
1406715213430,1955,24,Home
1406715213663,659,27,Login
1406715213749,1725,33,LoginDetails
1406715214052,2403,4,Login
1406715214132,25,30,Login
1406715214519,1205,8,Home
1406715214535,298,16,Login
1406715214607,3478,3,Login
1406715215006,328,7,Logout
1406715215496,70,9,CartAddAll
1406715215526,1263,27,LoginDetails
1406715216038,1513,30,LoginDetails
1406715216579,1762,13,Logout
1406715217254,1445,34,Home
1406715217429,3367,14,Logout
1406715218388,1327,9,Logout
1406715219264,877,8,Login
1406715220026,2575,28,CartAddAll
1406715220629,2301,25,Login
1406715221585,314,25,LoginDetails
1406715221635,5373,22,LoginDetails
1406715221802,7458,31,CartAddAll
1406715221964,857,27,QuickAddMain
1406715222125,2877,18,Login
1406715222326,644,1,Login
1406715222498,275,34,Login
1406715222593,1373,30,QuickAddMain
1406715223669,1958,28,Logout
1406715224246,1186,1,LoginDetails
1406715225168,1988,23,Home
1406715225195,2126,34,LoginDetails
1406715225883,2725,31,Logout
1406715226218,7291,33,QuickAddMain
1406715226498,6342,8,LoginDetails
1406715226511,3981,18,LoginDetails
1406715227628,244,25,QuickAddMain
1406715229302,3143,13,End
1406715230229,1064,9,End
1406715231279,1471,2,QuickAddMain
1406715232096,2689,27,Home
1406715232167,1821,34,QuickAddMain
1406715232247,2836,1,QuickAddMain
1406715233506,1502,8,QuickAddMain
1406715234104,554,33,CartAddAll
1406715234252,2662,18,QuickAddMain
1406715234521,5367,30,CartAddAll
1406715235597,5295,28,End
1406715236724,1694,13,Home
1406715238135,328,1,CartAddAll
1406715238544,3986,16,LoginDetails
1406715238844,3012,33,Logout
1406715239959,1531,27,Login
1406715240018,1046,20,Home
1406715240426,1424,28,Home
1406715240630,4472,30,Logout
1406715241187,1126,1,Logout
1406715241291,3114,11,Login
1406715241726,14,13,Login
1406715242093,353,11,LoginDetails
1406715242291,46,13,LoginDetails
1406715243044,682,25,Home
1406715243756,3237,27,LoginDetails
1406715244108,1651,15,Login
1406715244859,794,11,Home
1406715245273,59,28,Login
1406715246069,1371,13,Home
1406715246236,1670,16,QuickAddMain
1406715246677,892,28,LoginDetails
1406715246924,7415,9,Home
1406715247259,2844,33,End
1406715247715,2997,15,LoginDetails
1406715247716,4441,8,Home
1406715248094,243,34,Home
1406715248257,806,30,End
1406715248424,1634,18,Home
1406715249375,3236,6,End
1406715251311,2202,11,Login
1406715251845,948,33,Home
1406715251946,1885,27,QuickAddMain
1406715253009,661,8,Login
1406715253235,1521,25,Login
1406715253300,2337,13,Login
1406715253494,741,24,Login
1406715253514,166,29,Login
1406715253838,3159,9,Login
1406715254228,443,13,LoginDetails
1406715254674,2639,6,Home
1406715254876,801,3,LoginDetails
1406715255010,828,24,LoginDetails
1406715255100,3193,11,LoginDetails
1406715255136,1372,16,CartAddAll
1406715255444,521,10,Login
1406715256370,3741,34,Login
1406715256712,2882,8,LoginDetails
1406715256764,1050,1,Home
1406715256854,3146,25,LoginDetails
1406715257133,2900,9,LoginDetails
1406715257511,247,16,Logout
1406715257607,2548,28,QuickAddMain
1406715257749,2769,18,Login
1406715258774,1412,2,CartAddAll
1406715258831,1585,34,LoginDetails
1406715258869,2682,10,LoginDetails
1406715259024,310,27,CartAddAll
1406715259556,2903,33,Login
1406715260532,360,6,Login
1406715260698,121,33,LoginDetails
1406715260881,3476,32,Login
1406715261000,5218,30,Home
1406715261506,1051,0,Home
1406715261583,150,32,LoginDetails
1406715261815,714,11,QuickAddMain
1406715262150,669,31,Home
1406715262908,296,24,Home
1406715262954,1955,6,LoginDetails
1406715262961,2573,2,Logout
1406715263551,913,8,QuickAddMain
1406715263741,2728,27,Logout
1406715263841,207,32,Home
1406715263873,2601,10,Home
1406715263961,191,25,QuickAddMain
1406715264173,3431,13,QuickAddMain
1406715264795,2032,3,Home
1406715264971,73,4,Home
1406715265161,139,28,CartAddAll
1406715265196,1537,33,Home
1406715265800,29,30,Login
1406715266800,433,30,LoginDetails
1406715266949,1525,1,Login
1406715267580,1026,31,Login
1406715267872,1057,28,Logout
1406715268142,1507,34,QuickAddMain
1406715268274,193,31,LoginDetails
1406715268697,180,30,Home
1406715268941,5379,9,QuickAddMain
1406715269059,4233,22,QuickAddMain
1406715270675,4,32,Login
1406715270738,11,33,Login
1406715270961,1988,21,End
1406715272319,1836,18,LoginDetails
1406715272426,438,11,Home
1406715272534,1389,32,LoginDetails
1406715273056,5510,1,LoginDetails
1406715273938,2711,33,LoginDetails
1406715274394,60,16,End
1406715274406,148,14,End
1406715275821,1892,25,Home
1406715276094,1820,30,Login
1406715276538,2578,21,Home
1406715277341,576,30,LoginDetails
1406715278139,619,0,Login
1406715278505,160,32,QuickAddMain
1406715278824,10,1,QuickAddMain
1406715279342,1471,18,QuickAddMain
1406715279468,4131,19,End
1406715279806,963,0,LoginDetails
1406715280035,8783,8,CartAddAll
1406715280830,965,33,QuickAddMain
1406715281071,3196,27,End
1406715281154,3893,31,QuickAddMain
1406715282130,422,5,Home
1406715282141,11631,6,QuickAddMain
1406715282315,429,26,Home
1406715282551,5351,25,Login
1406715283044,1360,8,Logout
1406715283452,5516,16,Home
1406715284580,2738,28,Home
1406715285510,2195,7,Home
1406715285633,2412,25,LoginDetails
1406715285782,1427,30,QuickAddMain
1406715285866,2514,14,Home
1406715287326,466,0,QuickAddMain
1406715287498,976,32,CartAddAll
1406715287514,745,18,CartAddAll
1406715287704,924,20,Login
1406715288250,2332,19,Home
1406715288887,877,33,CartAddAll
1406715289460,684,26,Login
1406715289586,1551,28,Login
1406715290264,141,18,Logout
1406715290843,1124,23,Login
1406715290932,770,26,LoginDetails
1406715291352,49,23,LoginDetails
1406715291390,1572,32,Logout
1406715291494,1797,16,Login
1406715291885,1134,33,Logout
1406715292481,3975,1,Home
1406715292529,93,9,Home
1406715292540,2415,7,Login
1406715292747,311,25,QuickAddMain
1406715293428,1281,16,LoginDetails
1406715293667,1378,19,Login
1406715293706,4558,31,CartAddAll
1406715293957,6452,27,Home
1406715294462,1437,7,LoginDetails
1406715294916,2188,28,LoginDetails
1406715295738,607,12,End
1406715296010,1873,19,LoginDetails
1406715296510,5397,15,QuickAddMain
1406715296840,3459,29,LoginDetails
1406715297220,1712,31,Logout
1406715298132,3621,0,CartAddAll
1406715299114,2,27,Login
1406715300518,401,0,Logout
1406715300525,2713,19,Home
1406715300606,541,16,QuickAddMain
1406715300636,9897,14,Login
1406715300686,1514,1,Login
1406715301175,9038,24,Login
1406715301270,209,28,QuickAddMain
1406715301498,438,14,LoginDetails
1406715301942,2117,12,Home
1406715302273,2677,27,LoginDetails
1406715302598,2734,7,QuickAddMain
1406715303634,4630,26,QuickAddMain
1406715304377,3038,1,LoginDetails
1406715305470,275,19,Login
1406715305580,5318,25,CartAddAll
1406715306773,799,19,LoginDetails
1406715306844,5208,24,LoginDetails
1406715307439,956,9,Login
1406715308722,435,9,LoginDetails
1406715309098,2446,12,Login
1406715309230,1140,32,End
1406715309341,2013,25,Logout
1406715309503,876,19,Home
1406715309965,3183,22,CartAddAll
1406715310971,247,9,Home
1406715310980,111,14,QuickAddMain
1406715311550,2663,28,CartAddAll
1406715312406,2809,12,LoginDetails
1406715312987,1292,1,QuickAddMain
1406715313300,631,7,Home
1406715313464,1265,31,End
1406715313483,1591,22,Logout
1406715314103,2901,27,QuickAddMain
1406715314128,276,28,Logout
1406715314374,1738,0,Home
1406715314764,1331,16,Home
1406715315330,247,7,Login
1406715316898,27,32,Home
1406715317807,2562,0,Login
1406715320789,2071,12,QuickAddMain
1406715322928,319,16,Login
1406715322975,2104,1,CartAddAll
1406715323005,823,0,LoginDetails
1406715323303,3007,7,LoginDetails
1406715324084,673,25,End
1406715325114,8810,9,Login
1406715326182,763,32,Login
1406715326452,3105,16,LoginDetails
1406715326924,2276,1,Logout
1406715326936,853,28,Home
1406715327018,91,3,Login
1406715327368,5601,14,Home
1406715327590,942,19,Login
1406715327813,983,4,Login
1406715328240,2670,9,LoginDetails
1406715328507,60,4,LoginDetails
1406715329133,1818,32,LoginDetails
1406715329542,1950,12,CartAddAll
1406715329784,2861,21,Login
1406715329998,61,7,QuickAddMain
1406715330202,1889,19,LoginDetails
1406715331522,309,12,Logout
1406715331804,792,0,QuickAddMain
1406715331896,1665,21,LoginDetails
1406715332065,1182,25,Home
1406715332892,6005,34,Home
1406715335139,1364,10,Login
1406715335218,7346,3,LoginDetails
1406715335938,1030,9,QuickAddMain
1406715336660,998,10,LoginDetails
1406715337214,1722,1,Home
1406715337326,515,19,QuickAddMain
1406715337597,2543,15,CartAddAll
1406715338046,5305,16,QuickAddMain
1406715339640,312,15,Logout
1406715340771,6003,32,QuickAddMain
1406715342876,57,9,CartAddAll
1406715344312,1017,1,Login
1406715344561,510,16,CartAddAll
1406715344688,214,9,Logout
1406715345243,1891,19,CartAddAll
1406715345997,1049,1,LoginDetails
1406715346525,490,16,Logout
1406715347220,119,30,Home
1406715347402,108,8,End
1406715347628,626,6,Home
1406715347719,581,19,Logout
1406715348993,1500,12,End
1406715349387,2894,32,CartAddAll
1406715349430,2258,17,End
1406715349983,2971,5,Login
1406715350589,3361,20,Home
1406715350751,256,13,Home
1406715350978,4255,7,Home
1406715351072,742,5,LoginDetails
1406715351102,2070,11,Login
1406715351933,1207,32,Logout
1406715352584,2009,25,Login
1406715352847,1128,27,Home
1406715354570,2996,11,LoginDetails
1406715355894,1266,1,QuickAddMain
1406715356530,3404,25,LoginDetails
1406715358066,4794,28,Login
1406715358970,2794,2,End
1406715359972,532,17,Home
1406715360508,1936,28,LoginDetails
1406715360747,1366,20,Login
1406715361795,1924,32,End
1406715361974,122,19,Home
1406715362136,591,20,LoginDetails
1406715362367,3027,7,Login
1406715363179,1194,11,QuickAddMain
1406715363487,662,7,LoginDetails
1406715365256,1111,20,Home
1406715365844,3940,12,Home
1406715366066,2713,1,CartAddAll
1406715366421,2013,25,QuickAddMain
1406715367081,849,2,Home
1406715367521,240,28,QuickAddMain
1406715367548,1731,19,Login
1406715367799,59,1,Logout
1406715367972,1778,33,Home
1406715368148,3557,13,Login
1406715370562,114,20,Login
1406715371965,648,23,QuickAddMain
1406715372273,1864,17,Login
1406715372535,3784,13,LoginDetails
1406715372744,1594,20,LoginDetails
1406715373487,2039,12,Login
1406715373540,66,18,End
1406715374129,1099,17,LoginDetails
1406715374352,725,25,Home
1406715375052,1806,29,QuickAddMain
1406715375224,1594,34,Login
1406715375428,1326,19,LoginDetails
1406715375472,67,25,Login
1406715375727,1837,7,QuickAddMain
1406715376117,2033,12,LoginDetails
1406715376875,1144,14,Login
1406715378760,1370,14,LoginDetails
1406715379297,1530,32,Home
1406715380059,1260,1,End
1406715380879,29,17,QuickAddMain
1406715380974,2086,20,QuickAddMain
1406715381031,624,31,Home
1406715381570,4510,24,QuickAddMain
1406715382574,7462,28,CartAddAll
1406715382946,4236,13,QuickAddMain
1406715382961,1581,12,QuickAddMain
1406715383511,715,16,Home
1406715383543,852,32,Login
1406715384452,3857,19,QuickAddMain
1406715385088,840,28,Logout
1406715385447,1550,14,QuickAddMain
1406715386283,2210,0,Home
1406715387467,611,1,Home
1406715389072,4811,32,LoginDetails
1406715390221,2349,9,End
1406715390250,1195,13,CartAddAll
1406715390668,2250,25,Home
1406715390818,6191,7,Home
1406715391057,3341,16,Login
1406715391396,1018,24,Home
1406715391777,263,16,LoginDetails
1406715391930,954,17,Home
1406715392928,2377,12,CartAddAll
1406715393395,5315,20,CartAddAll
1406715394267,2397,1,Login
1406715394891,462,25,Login
1406715396549,1178,20,Logout
1406715396572,4274,13,Logout
1406715396700,2048,12,Logout
1406715397329,754,16,Home
1406715397677,2007,25,LoginDetails
1406715398002,97,17,Login
1406715398384,65,11,Home
1406715398833,718,19,Home
1406715399156,4458,1,LoginDetails
1406715399361,728,21,QuickAddMain
1406715399519,1306,3,QuickAddMain
1406715399915,1579,27,Login
1406715400307,2091,10,QuickAddMain
1406715400465,231,29,CartAddAll
1406715400871,2023,6,Login
1406715401993,1981,0,Login
1406715402130,48,29,Logout
1406715402145,3886,30,Login
1406715402379,5896,32,QuickAddMain
1406715403121,2608,28,Home
1406715403140,997,2,Login
1406715404035,6671,5,QuickAddMain
1406715404146,2491,8,Home
1406715404250,449,25,QuickAddMain
1406715404276,803,20,End
1406715404666,786,13,End
1406715404916,1402,22,End
1406715405684,754,0,LoginDetails
1406715405787,1900,23,Home
1406715406809,959,16,Login
1406715406827,5060,19,Login
1406715407627,2284,1,QuickAddMain
1406715407676,234,16,LoginDetails
1406715407956,5010,7,Login
1406715408113,364,19,LoginDetails
1406715408226,1153,28,Login
1406715408901,5134,2,LoginDetails
1406715408925,10632,4,QuickAddMain
1406715409088,400,28,LoginDetails
1406715409334,1004,7,LoginDetails
1406715409446,2901,17,Home
1406715409943,8587,6,LoginDetails
1406715410095,583,16,Home
1406715410606,1123,9,Home
1406715410647,38,34,LoginDetails
1406715411142,3119,12,End
1406715411265,688,13,Home
1406715411521,241,10,CartAddAll
1406715411715,134,20,Home
1406715412088,529,3,CartAddAll
1406715412166,934,21,CartAddAll
1406715412875,1990,22,Home
1406715413213,1848,15,End
1406715413979,2011,32,Home
1406715414057,24,3,Logout
1406715414143,1196,33,Login
1406715414236,340,21,Logout
1406715414593,997,30,LoginDetails
1406715414742,3081,25,CartAddAll
1406715414764,2140,27,LoginDetails
1406715415179,1367,34,Home
1406715415439,1358,16,Login
1406715415678,1233,12,Home
1406715416033,2295,0,QuickAddMain
1406715416138,554,18,Home
1406715416385,3237,10,Logout
1406715416839,476,16,LoginDetails
1406715417214,907,25,Logout
1406715417728,280,19,QuickAddMain
1406715417777,796,13,Login
1406715418360,2630,2,QuickAddMain
1406715419216,4544,24,Login
1406715420193,2003,13,LoginDetails
1406715420278,1698,14,Home
1406715420773,1908,7,QuickAddMain
1406715422266,693,12,Login
1406715422743,1797,5,CartAddAll
1406715422835,2692,9,Login
1406715422857,8405,17,Login
1406715423844,5680,20,Login
1406715423980,655,17,LoginDetails
1406715424505,2247,15,Home
1406715425330,1806,14,Login
1406715425978,1006,0,CartAddAll
1406715426051,2779,9,LoginDetails
1406715426105,1740,20,LoginDetails
1406715426430,2832,28,QuickAddMain
1406715427029,831,2,CartAddAll
1406715427391,91,13,QuickAddMain
1406715427668,3252,5,Logout
1406715427696,6092,22,Login
1406715428201,629,6,QuickAddMain
1406715428431,5547,12,LoginDetails
1406715428540,88,7,CartAddAll
1406715428588,1914,1,Home
1406715428607,1011,0,Logout
1406715428672,1870,16,QuickAddMain
1406715428892,500,24,Home
1406715429383,632,14,LoginDetails
1406715429619,3425,19,CartAddAll
1406715430073,1566,2,Logout
1406715431408,3347,22,LoginDetails
1406715431568,586,24,Login
1406715433832,3141,32,Login
1406715433844,2789,19,Logout
1406715434900,4256,7,Logout
1406715436161,3433,20,QuickAddMain
1406715436330,685,12,QuickAddMain
1406715436512,3006,17,QuickAddMain
1406715436941,857,26,Home
1406715437378,3157,32,LoginDetails
1406715438105,526,22,QuickAddMain
1406715438146,308,8,Login
1406715438515,2030,14,QuickAddMain
1406715439041,656,33,LoginDetails
1406715439217,65,24,Home
1406715439454,1594,23,Login
1406715439531,7535,9,QuickAddMain
1406715439645,1635,11,Login
1406715441197,2430,8,LoginDetails
1406715441952,1683,11,LoginDetails
1406715442519,113,28,Home
1406715445292,4800,16,Home
1406715445999,1186,29,End
1406715447202,161,24,Login
1406715447939,3335,33,Home
1406715448161,448,24,LoginDetails
1406715448590,3746,19,Home
1406715448644,3661,20,CartAddAll
1406715449557,2042,7,End
1406715449569,3958,32,QuickAddMain
1406715450213,1358,9,CartAddAll
1406715450431,120,20,Logout
1406715450821,2787,17,Home
1406715451445,48,0,End
1406715451843,3040,28,Login
1406715451958,411,1,Login
1406715452441,874,16,Login
1406715453143,753,1,LoginDetails
1406715453245,774,30,QuickAddMain
1406715453423,2061,24,Home
1406715453481,1603,9,Logout
1406715453842,666,12,Home
1406715453869,1144,29,Home
1406715454130,3562,22,CartAddAll
1406715454725,5874,13,CartAddAll
1406715455011,2379,27,QuickAddMain
1406715455554,3127,18,Login
1406715455968,2827,16,LoginDetails
1406715456040,677,0,Home
1406715456163,168,7,Home
1406715456287,3831,28,LoginDetails
1406715456297,520,22,Logout
1406715456738,272,13,Logout
1406715456864,959,18,LoginDetails
1406715456926,170,14,Home
1406715456965,4496,31,Login
1406715457696,1245,19,Login
1406715458789,3170,32,CartAddAll
1406715458922,951,6,CartAddAll
1406715459066,911,29,Login
1406715460001,879,1,QuickAddMain
1406715460526,3372,17,Login
1406715460577,467,0,Login
1406715460652,142,32,Logout
1406715461055,2552,24,Login
1406715461231,1422,29,LoginDetails
1406715461247,530,6,Logout
1406715461433,2183,15,Login
1406715462348,1362,17,LoginDetails
1406715462695,3025,12,Login
1406715462850,348,28,QuickAddMain
1406715463123,4893,19,LoginDetails
1406715463446,6086,31,LoginDetails
1406715463548,1230,14,Login
1406715463743,2168,24,LoginDetails
1406715464069,1796,23,Home
1406715464137,627,12,LoginDetails
1406715464674,822,26,Login
1406715464836,1989,16,QuickAddMain
1406715464917,883,34,Login
1406715465151,1425,25,Home
1406715465238,171,9,Home
1406715465323,4300,0,LoginDetails
1406715465572,133,34,LoginDetails
1406715466102,31,12,Home
1406715466199,4349,15,LoginDetails
1406715466397,2384,14,LoginDetails
1406715466520,567,21,End
1406715466612,1537,26,LoginDetails
1406715467369,3565,2,End
1406715468666,1967,20,Home
1406715469420,1075,1,CartAddAll
1406715471201,1439,4,Home
1406715471250,469,28,CartAddAll
1406715471365,350,24,QuickAddMain
1406715471393,10079,7,Login
1406715471700,3610,13,Home
1406715472398,1784,29,QuickAddMain
1406715473559,71,17,QuickAddMain
1406715473753,339,12,Login
1406715473867,1989,7,LoginDetails
1406715475081,2152,27,CartAddAll
1406715475524,4005,1,Logout
1406715475555,2179,19,QuickAddMain
1406715475757,1571,12,LoginDetails
1406715476029,3137,16,CartAddAll
1406715476064,3092,28,Logout
1406715476625,3624,10,End
1406715477228,1599,14,QuickAddMain
1406715477520,726,15,QuickAddMain
1406715477588,2585,23,Login
1406715477843,729,20,Login
1406715478478,3010,0,QuickAddMain
1406715478662,1275,21,Home
1406715478888,749,23,LoginDetails
1406715479024,2115,27,Logout
1406715479193,2060,22,End
1406715479577,1005,11,QuickAddMain
1406715480959,497,29,CartAddAll
1406715480972,3185,16,Logout
1406715481053,1611,24,CartAddAll
1406715481131,2598,8,QuickAddMain
1406715481880,4204,3,End
1406715482547,2348,7,QuickAddMain
1406715482862,555,12,QuickAddMain
1406715483168,165,24,Logout
1406715483269,525,22,Home
1406715483465,222,21,Login
1406715484003,5442,20,LoginDetails
1406715484160,277,21,LoginDetails
1406715484281,505,14,CartAddAll
1406715484730,1513,13,Login
1406715485391,280,3,Home
1406715485632,1614,1,End
1406715485777,2687,29,Logout
1406715486022,123,14,Logout
1406715486188,597,13,LoginDetails
1406715486506,1228,23,QuickAddMain
1406715486873,1774,28,End
1406715487091,4704,10,Home
1406715488074,1874,21,Home
1406715490201,773,17,Home
1406715490624,1198,3,Login
1406715490985,653,7,CartAddAll
1406715491016,788,12,CartAddAll
1406715491305,3415,22,Login
1406715491528,13,20,QuickAddMain
1406715491718,471,17,Login
1406715492205,1082,3,LoginDetails
1406715492463,341,19,Home
1406715492465,671,22,LoginDetails
1406715493052,314,12,Logout
1406715494885,2151,7,Logout
1406715495586,3781,1,Home
1406715495932,3389,21,Login
1406715497494,3309,13,QuickAddMain
1406715498006,5573,5,End
1406715498040,1607,21,LoginDetails
1406715498754,1484,24,End
1406715499749,446,23,Home
1406715500307,68,3,QuickAddMain
1406715501908,172,33,Login
1406715502018,2984,29,End
1406715502841,1119,1,Login
1406715503318,970,7,End
1406715503479,520,20,Home
1406715503618,119,1,LoginDetails
1406715504623,1015,23,Login
1406715504659,1993,5,Home
1406715504939,2113,33,LoginDetails
1406715504992,493,13,CartAddAll
1406715505040,352,25,Login
1406715505393,4335,30,CartAddAll
1406715505578,5534,22,QuickAddMain
1406715506215,1034,24,Home
1406715507078,952,21,QuickAddMain
1406715507284,268,1,Home
1406715508061,887,18,QuickAddMain
1406715508516,1211,26,QuickAddMain
1406715509259,1691,34,QuickAddMain
1406715509375,2067,31,QuickAddMain
1406715509613,8882,17,Home
1406715510826,2447,16,Home
1406715511295,2787,14,Home
1406715511459,2135,5,Login
1406715511930,337,23,Home
1406715512395,5637,13,Logout
1406715513256,987,24,Login
1406715513501,3158,7,Home
1406715513560,6483,30,Logout
1406715513822,1902,1,Login
1406715514841,16,1,LoginDetails
1406715514880,785,24,LoginDetails
1406715515587,599,16,Login
1406715516317,4437,5,LoginDetails
1406715516708,357,16,LoginDetails
1406715517911,2103,14,Login
1406715518059,779,24,Home
1406715518381,3806,17,Login
1406715518934,240,13,End
1406715519376,8928,10,Login
1406715519444,938,14,LoginDetails
1406715520359,1087,17,LoginDetails
1406715520814,2432,16,Home
1406715521605,203,14,Home
1406715523612,146,5,QuickAddMain
1406715524139,4224,10,LoginDetails
1406715525613,1206,29,Home
1406715525649,1950,1,QuickAddMain
1406715529636,3892,11,CartAddAll
1406715530492,2529,14,Login
1406715530683,3875,17,QuickAddMain
1406715530839,4177,4,Login
1406715531176,598,10,QuickAddMain
1406715531311,1982,16,Login
1406715532521,1118,29,Login
1406715532529,1192,11,Logout
1406715532534,1567,14,LoginDetails
1406715532697,842,16,LoginDetails
1406715533848,610,1,CartAddAll
1406715534644,1623,29,LoginDetails
1406715534983,511,2,Home
1406715536626,151,5,Home
1406715537184,1175,1,Logout
1406715537535,6025,24,Login
1406715539644,1546,24,LoginDetails
1406715540090,936,14,QuickAddMain
1406715540164,387,32,End
1406715540303,412,15,Home
1406715540579,437,16,QuickAddMain
1406715541528,932,4,Home
1406715541617,316,29,QuickAddMain
1406715542018,2992,3,Home
1406715542090,1201,31,CartAddAll
1406715542170,899,34,CartAddAll
1406715542379,1471,25,LoginDetails
1406715542778,2883,33,QuickAddMain
1406715542915,1020,13,Home
1406715543407,108,4,Login
1406715543721,3407,26,CartAddAll
1406715543918,1975,20,Login
1406715543967,515,17,Home
1406715544700,3818,18,CartAddAll
1406715544851,908,25,Home
1406715544911,4252,8,CartAddAll
1406715544932,730,34,Logout
1406715545327,908,20,LoginDetails
1406715545636,1759,27,End
1406715545863,605,26,Logout
1406715546375,5801,5,Login
1406715546512,109,23,Login
1406715546769,2894,31,Logout
1406715547058,515,24,QuickAddMain
1406715547122,572,8,Logout
1406715547408,1150,18,Logout
1406715547648,87,16,CartAddAll
1406715547815,1000,5,LoginDetails
1406715548876,5100,28,Home
1406715549505,1616,2,Login
1406715549592,5574,10,Home
1406715550142,737,16,Logout
1406715550467,654,5,Home
1406715550685,2576,29,CartAddAll
1406715551486,4559,23,LoginDetails
1406715552177,2096,2,LoginDetails
1406715552317,1816,4,LoginDetails
1406715552704,593,29,Logout
1406715552876,4759,7,Login
1406715553019,3443,33,CartAddAll
1406715553325,3995,13,Login
1406715553378,1051,15,Login
1406715553534,860,27,Home
1406715553982,655,7,LoginDetails
1406715554231,404,21,Home
1406715554271,567,13,LoginDetails
1406715554480,824,10,Login
1406715554481,2723,19,Login
1406715554986,2799,12,Home
1406715555660,576,19,LoginDetails
1406715556098,3151,17,Login
1406715556221,1645,33,Logout
1406715556420,2616,15,LoginDetails
1406715556631,3936,30,End
1406715556760,2,17,LoginDetails
1406715556839,392,23,QuickAddMain
1406715556905,1081,5,Login
1406715557127,1763,9,Login
1406715559142,978,32,Home
1406715559153,7375,20,QuickAddMain
1406715559732,1655,4,QuickAddMain
1406715560302,578,7,QuickAddMain
1406715560308,11073,3,Login
1406715560515,442,13,QuickAddMain
1406715561153,5953,10,LoginDetails
1406715561204,3671,21,Login
1406715561370,3839,9,LoginDetails
1406715561877,3150,19,Home
1406715562609,1918,3,LoginDetails
1406715562966,5484,5,LoginDetails
1406715563039,1492,16,Home
1406715563288,4352,17,Home
1406715563511,3669,30,Home
1406715563542,1782,21,LoginDetails
1406715566167,57,7,CartAddAll
1406715566878,225,10,QuickAddMain
1406715567587,169,13,Home
1406715569337,1454,23,Home
1406715569550,1631,20,Home
1406715569606,613,5,QuickAddMain
1406715570046,667,1,End
1406715570742,2717,17,Login
1406715570912,3006,7,Logout
1406715572059,2386,3,QuickAddMain
1406715572069,2834,21,QuickAddMain
1406715572828,1662,17,LoginDetails
1406715573121,1040,23,Login
1406715573305,4864,30,Login
1406715574647,964,12,Login
1406715574919,1692,29,End
1406715575251,7434,16,Login
1406715575263,408,2,QuickAddMain
1406715575630,516,25,Login
1406715576180,2363,1,Home
1406715576452,417,16,LoginDetails
1406715576462,448,7,End
1406715576577,212,25,LoginDetails
1406715576734,1494,12,LoginDetails
1406715576936,4806,22,Home
1406715576957,2161,17,Home
1406715577821,4022,30,LoginDetails
1406715577955,896,13,Login
1406715579015,220,13,LoginDetails
1406715579020,1449,5,CartAddAll
1406715579075,983,29,Home
1406715579649,879,3,CartAddAll
1406715579913,1435,23,LoginDetails
1406715579924,4815,28,Login
1406715580442,2157,21,CartAddAll
1406715580636,693,25,Home
1406715581218,288,5,Logout
1406715581332,2445,27,Login
1406715581469,1023,28,LoginDetails
1406715582098,235,3,Logout
1406715582759,739,21,Logout
1406715582794,1014,27,LoginDetails
1406715583077,1674,1,Login
1406715583328,2333,13,Home
1406715584669,892,1,LoginDetails
1406715585089,2353,17,Login
1406715585280,3339,22,Login
1406715585365,549,7,Home
1406715585805,2258,16,QuickAddMain
1406715587233,3467,29,Login
1406715587484,3039,8,End
1406715587596,1521,22,LoginDetails
1406715587829,877,23,QuickAddMain
1406715587911,2978,18,End
1406715587938,4287,30,QuickAddMain
1406715589110,3483,17,LoginDetails
1406715590043,80,7,Login
1406715590086,2022,29,LoginDetails
1406715590502,1027,27,QuickAddMain
1406715590669,81,9,QuickAddMain
1406715591153,548,7,LoginDetails
1406715591998,1271,11,End
1406715592087,1079,6,End
1406715592486,2109,4,Home
1406715592780,288,1,QuickAddMain
1406715593123,1536,15,QuickAddMain
1406715593504,806,18,Home
1406715593689,1434,8,Home
1406715594964,1034,19,Login
1406715595457,4974,13,Login
1406715595672,316,3,End
1406715595717,247,19,LoginDetails
1406715596077,672,6,Home
1406715596275,328,13,LoginDetails
1406715597794,262,29,QuickAddMain
1406715598415,167,16,CartAddAll
1406715598892,1759,7,QuickAddMain
1406715598931,4206,22,QuickAddMain
1406715599463,1221,13,Home
1406715599655,1894,18,Login
1406715600294,2386,27,CartAddAll
1406715600327,1515,8,Login
1406715600657,443,18,LoginDetails
1406715600961,1437,30,Home
1406715601090,1601,21,Home
1406715601132,817,16,Logout
1406715602992,2095,8,LoginDetails
1406715603194,3621,1,CartAddAll
1406715603445,1220,27,Logout
1406715603526,4055,19,Home
1406715603952,385,30,Login
1406715604579,953,13,Login
1406715605414,616,8,Home
1406715606058,1894,10,CartAddAll
1406715606157,1182,1,Logout
1406715606567,10540,17,QuickAddMain
1406715606842,4723,6,Login
1406715606873,3998,2,CartAddAll
1406715607109,3641,23,Home
1406715607597,2282,13,LoginDetails
1406715608344,580,10,Logout
1406715608347,1126,22,CartAddAll
1406715608662,60,2,Logout
1406715608867,637,18,QuickAddMain
1406715608881,2708,21,Login
1406715609208,2895,20,Login
1406715609731,4025,29,CartAddAll
1406715610667,646,22,Logout
1406715610863,1112,20,LoginDetails
1406715612045,4695,6,LoginDetails
1406715612401,1827,34,End
1406715612885,1444,29,Logout
1406715612901,88,8,Login
1406715614596,1361,12,QuickAddMain
1406715615164,720,13,QuickAddMain
1406715615354,5975,21,LoginDetails
1406715616875,3211,23,Login
1406715616973,3509,7,Home
1406715617646,546,25,Login
1406715618038,4600,8,LoginDetails
1406715618305,790,23,LoginDetails
1406715618460,9741,30,LoginDetails
1406715618612,642,0,Home
1406715618874,1573,17,Home
1406715619021,808,14,Home
1406715619909,150,6,QuickAddMain
1406715620831,960,20,QuickAddMain
1406715620992,2251,7,Login
1406715621019,1710,34,Home
1406715621408,262,1,End
1406715621575,1815,29,End
1406715622988,4583,25,LoginDetails
1406715623096,2856,15,CartAddAll
1406715623610,1536,21,QuickAddMain
1406715624205,898,22,End
1406715624428,742,8,QuickAddMain
1406715624708,1087,18,CartAddAll
1406715624991,1859,27,Home
1406715625455,574,23,QuickAddMain
1406715625747,3802,9,CartAddAll
1406715625753,1018,30,QuickAddMain
1406715626587,1774,15,Logout
1406715626832,4632,17,Login
1406715627073,8036,16,End
1406715627134,1265,34,Login
1406715627786,874,26,End
1406715627815,494,24,Home
1406715627902,414,9,Logout
1406715627943,3348,7,LoginDetails
1406715628660,2377,18,Logout
1406715628895,1214,34,LoginDetails
1406715629179,2403,32,Login
1406715629612,2583,28,QuickAddMain
1406715630023,580,27,Login
1406715630236,194,16,Home
1406715630931,2421,29,Home
1406715631023,1125,6,Home
1406715631143,198,26,Home
1406715631860,1556,3,Home
1406715632162,1515,27,LoginDetails
1406715632357,106,20,Home
1406715632635,873,11,Home
1406715633574,2994,22,Home
1406715633683,572,19,Login
1406715634100,8987,10,End
1406715634262,1158,7,QuickAddMain
1406715634551,5052,1,Home
1406715634664,597,19,LoginDetails
1406715635095,2357,30,CartAddAll
1406715635240,5592,32,LoginDetails
1406715635294,3700,8,CartAddAll
1406715635374,2111,21,Home
1406715635455,4067,6,Login
1406715635692,829,29,Login
1406715636043,5167,34,Home
1406715637248,7190,17,LoginDetails
1406715637305,885,29,LoginDetails
1406715637628,650,10,Home
1406715637838,381,27,QuickAddMain
1406715638524,705,12,CartAddAll
1406715639066,146,1,Login
1406715639387,2335,30,Logout
1406715639613,1469,16,Login
1406715639693,191,1,LoginDetails
1406715640149,2199,22,Login
1406715641635,158,10,Login
1406715641787,946,7,CartAddAll
1406715642002,1529,16,LoginDetails
1406715642069,1229,22,LoginDetails
1406715642120,2067,12,Logout
1406715642929,1454,23,Home
1406715643517,1403,10,LoginDetails
1406715643819,5921,31,End
1406715643897,2414,33,End
1406715644459,7374,8,Logout
1406715644878,3022,1,Home
1406715645150,1704,7,Logout
1406715645374,2139,17,QuickAddMain
1406715647094,3996,29,QuickAddMain
1406715647282,2294,27,CartAddAll
1406715647612,1035,31,Home
1406715647726,877,33,Home
1406715649508,155,6,LoginDetails
1406715649769,2097,22,QuickAddMain
1406715649960,432,16,QuickAddMain
1406715650045,2977,34,Login
1406715650351,775,27,Logout
1406715650930,150,34,LoginDetails
1406715651190,547,1,Login
1406715651636,5179,20,Login
1406715651669,293,10,QuickAddMain
1406715651773,1093,30,Home
1406715652044,70,1,LoginDetails
1406715652835,218,34,Home
1406715653412,312,33,Login
1406715654138,823,29,CartAddAll
1406715654960,2773,20,LoginDetails
1406715656362,101,29,Logout
1406715656884,193,28,CartAddAll
1406715657575,1247,14,Login
1406715657889,3475,1,Home
1406715658647,2377,6,QuickAddMain
1406715658731,153,28,Logout
1406715658830,759,14,LoginDetails
1406715659586,2767,16,Home
1406715659610,1505,34,Login
1406715660312,17,34,LoginDetails
1406715660352,6498,33,LoginDetails
1406715660596,484,24,Login
1406715660898,2181,27,End
1406715661097,956,5,Home
1406715661573,1498,11,Login
1406715662414,878,20,QuickAddMain
1406715662458,4508,8,End
1406715663186,1451,1,Login
1406715663208,10556,17,CartAddAll
1406715663984,317,1,LoginDetails
1406715664922,1384,14,Home
1406715664985,2757,11,LoginDetails
1406715666219,1245,17,Logout
1406715666835,406,8,Home
1406715666940,4603,34,Home
1406715667506,761,22,Home
1406715668511,1572,33,QuickAddMain
1406715670497,26,16,Login
1406715670569,1379,29,Home
1406715671093,270,3,Login
1406715671327,104,1,QuickAddMain
1406715671391,356,16,LoginDetails
1406715671539,622,13,Home
1406715672095,976,7,Home
1406715672304,1486,0,Login
1406715672582,940,3,LoginDetails
1406715673239,204,10,CartAddAll
1406715673437,2086,11,QuickAddMain
1406715673515,1165,29,Login
1406715673545,928,25,QuickAddMain
1406715674303,826,18,End
1406715675144,239,10,Logout
1406715675167,2616,34,Login
1406715675358,2505,0,LoginDetails
1406715675753,4037,8,Login
1406715676460,82,8,LoginDetails
1406715677381,992,29,LoginDetails
1406715677682,5258,26,Login
1406715678278,174,16,QuickAddMain
1406715678349,2323,34,LoginDetails
1406715679438,1539,23,Login
1406715679502,1351,26,LoginDetails
1406715680722,598,23,LoginDetails
1406715681679,3588,20,Home
1406715682680,3114,32,QuickAddMain
1406715683069,674,22,Login
1406715683088,3588,19,QuickAddMain
1406715684107,2226,0,QuickAddMain
1406715684542,1229,8,QuickAddMain
1406715684885,1309,1,Home
1406715685530,3443,7,Login
1406715685850,4554,3,QuickAddMain
1406715686185,2382,22,LoginDetails
1406715687290,1300,2,End
1406715687291,309,23,QuickAddMain
1406715687485,143,12,End
1406715687597,572,7,LoginDetails
1406715688140,2643,34,QuickAddMain
1406715689567,1473,9,End
1406715690430,5178,29,QuickAddMain
1406715691188,1146,15,End
1406715693040,193,30,Login
1406715693617,1476,22,QuickAddMain
1406715695145,417,7,QuickAddMain
1406715696091,1760,24,LoginDetails
1406715697105,2711,6,CartAddAll
1406715697227,3436,3,CartAddAll
1406715698273,5594,5,Login
1406715699391,974,24,Home
1406715699446,29,16,CartAddAll
1406715699470,592,25,CartAddAll
1406715699798,805,6,Logout
1406715699895,1156,5,LoginDetails
1406715700061,63,1,Login
1406715700090,1949,34,CartAddAll
1406715700343,1672,9,Home
1406715700379,499,32,CartAddAll
1406715700579,238,22,CartAddAll
1406715701071,468,27,Home
1406715701681,1147,1,LoginDetails
1406715701719,290,16,Logout
1406715702063,6520,12,Home
1406715702213,997,25,Logout
1406715702314,886,5,Home
1406715702687,1662,21,Login
1406715702915,925,32,Logout
1406715703666,1400,22,Logout
1406715703827,5075,15,Home
1406715704115,618,33,CartAddAll
1406715705031,1999,21,LoginDetails
1406715705231,2991,7,Home
1406715705262,6352,3,Logout
1406715706504,425,4,Login
1406715706754,7421,26,QuickAddMain
1406715706841,987,33,Logout
1406715707026,719,5,Login
1406715707309,321,4,LoginDetails
1406715707500,189,8,CartAddAll
1406715707626,5607,34,Logout
1406715707836,761,1,QuickAddMain
1406715708047,2710,9,Login
1406715709489,277,4,Home
1406715709813,1045,9,LoginDetails
1406715710418,267,11,CartAddAll
1406715711723,1647,3,Home
1406715711938,538,7,Login
1406715712026,2270,16,End
1406715712235,668,21,QuickAddMain
1406715712749,1878,34,End
1406715713926,1627,11,Logout
1406715714056,1921,2,Home
1406715714299,377,22,End
1406715714775,156,17,End
1406715715205,3202,15,Login
1406715715273,5900,8,Logout
1406715715456,547,1,CartAddAll
1406715716337,3137,27,Login
1406715716375,6681,6,End
1406715716430,7028,31,Login
1406715716741,1598,12,Login
1406715716789,1460,9,QuickAddMain
1406715717656,1781,3,Login
1406715717856,922,31,LoginDetails
1406715717859,2282,15,LoginDetails
1406715718471,298,1,Logout
1406715718608,925,12,LoginDetails
1406715720305,1733,17,Home
1406715721265,12721,5,LoginDetails
1406715721455,316,2,Login
1406715721921,29,7,Home
1406715722087,5214,27,LoginDetails
1406715722536,1677,32,End
1406715722922,3286,6,Home
1406715723285,678,11,Home
1406715724105,2177,2,LoginDetails
1406715724790,169,23,CartAddAll
1406715724889,6641,3,LoginDetails
1406715724945,3353,34,Home
1406715724950,983,9,CartAddAll
1406715724954,1876,15,QuickAddMain
1406715726756,2635,31,QuickAddMain
1406715727001,2406,17,Login
1406715727156,2261,12,QuickAddMain
1406715727591,695,23,Logout
1406715728269,729,17,LoginDetails
1406715728710,419,5,QuickAddMain
1406715728735,334,32,Home
1406715729365,1807,6,Login
1406715729812,1136,33,End
1406715730262,353,13,Login
1406715730413,9645,16,Home
1406715730499,2118,27,QuickAddMain
1406715730538,6823,10,Home
1406715730865,1424,2,QuickAddMain
1406715731478,630,13,LoginDetails
1406715731497,4502,9,Logout
1406715731522,1308,6,LoginDetails
1406715733139,1482,4,Login
1406715733478,3281,22,Home
1406715734128,303,31,CartAddAll
1406715734895,1047,4,LoginDetails
1406715734973,133,17,QuickAddMain
1406715735165,4251,7,Login
1406715736411,5162,3,QuickAddMain
1406715736558,377,10,Login
1406715736707,569,5,Home
1406715737110,4179,15,CartAddAll
1406715737320,3998,13,Home
1406715737669,1563,31,Logout
1406715737860,1002,9,Home
1406715738003,1823,34,Login
1406715738068,3876,12,Home
1406715738192,626,6,QuickAddMain
1406715739609,3943,7,LoginDetails
1406715740101,1887,16,Login
1406715740703,15,32,Login
1406715741065,147,16,LoginDetails
1406715741356,2627,15,Logout
1406715741402,2323,34,LoginDetails
1406715741609,324,32,LoginDetails
1406715741622,4601,10,LoginDetails
1406715742419,1756,4,QuickAddMain
1406715742835,628,33,Home
1406715742909,2625,18,Home
1406715743735,74,32,Home
1406715744951,1678,17,CartAddAll
1406715745591,1590,12,Login
1406715745620,2515,16,Home
1406715745835,1353,27,Home
1406715746522,1834,13,Login
1406715747125,1255,6,CartAddAll
1406715747148,4367,9,Login
1406715747165,835,12,LoginDetails
1406715747397,1650,23,Home
1406715747805,34,9,LoginDetails
1406715747838,172,1,End
1406715747992,306,33,Login
1406715748145,2277,7,QuickAddMain
1406715748609,102,33,LoginDetails
1406715748828,735,20,Login
1406715748841,789,10,QuickAddMain
1406715749456,258,15,Home
1406715749597,2838,17,Logout
1406715749725,54,20,LoginDetails
1406715749728,667,23,Login
1406715750056,1812,2,Home
1406715750372,2515,13,LoginDetails
1406715750844,1030,16,Login
1406715751148,1393,6,Logout
1406715751550,48,16,LoginDetails
1406715751552,3341,32,Login
1406715751949,2159,4,CartAddAll
1406715753027,2510,33,Home
1406715753049,263,30,LoginDetails
1406715753056,826,32,LoginDetails
1406715753145,720,14,Login
1406715753171,2460,24,Login
1406715753712,2003,20,Home
1406715754121,100,27,Login
1406715754169,1525,2,Login
1406715754222,5889,34,QuickAddMain
1406715754383,163,12,QuickAddMain
1406715754475,502,4,Logout
1406715754806,142,27,LoginDetails
1406715754919,1201,24,LoginDetails
1406715755281,5454,9,Home
1406715756131,4047,5,Login
1406715756275,1681,16,Home
1406715756378,360,7,CartAddAll
1406715756621,2727,14,LoginDetails
1406715758330,518,23,Home
1406715758793,3589,32,Home
1406715759046,1439,33,Login
1406715759713,5513,15,Login
1406715759833,1517,13,QuickAddMain
1406715760430,47,9,Login
1406715760629,2589,0,CartAddAll
1406715760902,4250,27,Home
1406715760957,669,15,LoginDetails
1406715761043,1641,20,Login
1406715761097,1318,33,LoginDetails
1406715761587,2908,7,Logout
1406715761668,5044,5,LoginDetails
1406715762754,2428,30,QuickAddMain
1406715762786,490,17,Home
1406715762883,4213,29,Home
1406715763209,2244,9,LoginDetails
1406715763526,2114,26,Home
1406715763721,3321,24,QuickAddMain
1406715763761,1271,16,Login
1406715763831,580,32,Login
1406715763942,605,1,Home
1406715764406,812,31,Home
1406715764878,289,32,LoginDetails
1406715764993,2272,12,CartAddAll
1406715765082,736,16,LoginDetails
1406715765514,2138,21,Home
1406715765943,1361,25,Home
1406715766095,94,23,Login
1406715766156,1818,17,Login
1406715766221,3149,14,QuickAddMain
1406715767024,1273,27,Login
1406715767043,6544,11,Login
1406715767156,4819,0,Logout
1406715767579,317,13,CartAddAll
1406715767683,2683,6,End
1406715767893,1032,12,Logout
1406715768025,339,33,QuickAddMain
1406715768424,937,27,LoginDetails
1406715768602,247,1,Login
1406715768626,594,4,Home
1406715769023,1399,11,LoginDetails
1406715769542,6528,15,Home
1406715769771,8018,20,LoginDetails
1406715770148,2241,22,Login
1406715770367,926,9,QuickAddMain
1406715770392,2239,5,QuickAddMain
1406715770881,487,3,Home
1406715771171,1397,17,LoginDetails
1406715771213,1888,13,Logout
1406715771226,242,34,Home
1406715771615,2427,1,LoginDetails
1406715771860,7,30,CartAddAll
1406715772098,2436,29,Login
1406715772745,3274,10,Home
1406715772825,5616,23,LoginDetails
1406715772985,461,29,LoginDetails
1406715773832,5214,31,Login
1406715774626,12654,2,LoginDetails
1406715774699,344,32,QuickAddMain
1406715774800,1320,6,Home
1406715774812,87,21,Login
1406715775743,5173,22,LoginDetails
1406715776537,1085,11,QuickAddMain
1406715776918,1644,21,LoginDetails
1406715776967,2278,16,QuickAddMain
1406715777083,478,20,QuickAddMain
1406715777168,3563,30,Logout
1406715777207,311,34,Login
1406715777245,585,18,Login
1406715777527,1044,8,End
1406715777561,356,27,QuickAddMain
1406715777672,346,17,QuickAddMain
1406715777714,289,4,Login
1406715777759,2558,0,Home
1406715778195,5334,26,Login
1406715778545,3686,14,Home
1406715778712,1054,34,LoginDetails
1406715779148,4798,3,Login
1406715780507,1794,4,LoginDetails
1406715780741,1724,5,CartAddAll
1406715780819,368,25,Login
1406715780887,487,23,QuickAddMain
1406715781020,1038,1,QuickAddMain
1406715781311,6740,31,LoginDetails
1406715781509,1358,3,LoginDetails
1406715781652,3560,18,LoginDetails
1406715782306,3690,9,CartAddAll
1406715782495,822,25,LoginDetails
1406715782986,2731,7,Home
1406715783294,369,2,QuickAddMain
1406715783517,3557,15,Login
1406715784047,608,22,QuickAddMain
1406715784732,233,11,CartAddAll
1406715784770,5988,26,LoginDetails
1406715785167,1154,9,Logout
1406715785309,2799,29,QuickAddMain
1406715785343,457,21,QuickAddMain
1406715785603,9772,33,CartAddAll
1406715785708,309,16,CartAddAll
1406715786560,2561,15,LoginDetails
1406715787129,2105,8,Home
1406715787336,108,33,Logout
1406715787798,5604,5,Logout
1406715788047,351,16,Logout
1406715788276,1266,27,CartAddAll
1406715788287,3660,32,CartAddAll
1406715788362,1886,4,QuickAddMain
1406715788395,233,18,QuickAddMain
1406715788749,4676,25,Home
1406715789465,5578,12,Home
1406715789690,990,7,Login
1406715789740,2974,11,Logout
1406715789937,171,27,Logout
1406715790296,22,7,LoginDetails
1406715790554,968,6,Login
1406715791017,3875,34,QuickAddMain
1406715791390,1235,32,Logout
1406715791508,1811,3,QuickAddMain
1406715791773,469,22,CartAddAll
1406715791939,338,15,QuickAddMain
1406715792036,4281,31,QuickAddMain
1406715793119,1706,26,QuickAddMain
1406715793563,5328,1,CartAddAll
1406715793579,238,22,Logout
1406715794202,2900,6,LoginDetails
1406715795300,6098,23,Home
1406715795587,2853,13,End
1406715795759,1458,8,Login
1406715796938,277,8,LoginDetails
1406715797142,733,29,CartAddAll
1406715797396,1339,30,Home
1406715797412,517,4,CartAddAll
1406715797633,501,12,Login
1406715798856,1830,25,Login
1406715799026,616,8,Home
1406715799173,3976,1,Logout
1406715799228,461,28,End
1406715799617,485,4,Logout
1406715799641,7596,7,Home
1406715799696,220,3,CartAddAll
1406715800286,8847,2,Home
1406715800309,966,5,Home
1406715800331,807,25,LoginDetails
1406715800937,440,26,CartAddAll
1406715801265,1092,15,CartAddAll
1406715802021,5760,18,CartAddAll
1406715803418,4693,29,Logout
1406715803444,993,26,Logout
1406715803492,1637,34,CartAddAll
1406715803536,980,28,Home
1406715803664,4759,12,LoginDetails
1406715803860,2473,3,Logout
1406715804156,256,18,Logout
1406715805761,307,8,Login
1406715806469,1868,13,Home
1406715806529,2025,6,QuickAddMain
1406715806686,452,30,Login
1406715806698,602,16,Home
1406715806858,1295,23,Login
1406715806885,1203,7,Login
1406715807347,1722,34,Logout
1406715807710,2233,11,Home
1406715807764,435,7,LoginDetails
1406715808343,1335,2,Login
1406715808483,1731,21,CartAddAll
1406715808673,1151,30,LoginDetails
1406715808970,105,2,LoginDetails
1406715809180,6353,15,Logout
1406715809193,1451,28,Login
1406715809638,538,22,Home
1406715809686,2010,23,LoginDetails
1406715810158,1738,12,QuickAddMain
1406715810289,395,5,Login
1406715810403,1726,9,Home
1406715810535,3517,10,Login
1406715810997,2546,19,Home
1406715811170,1069,21,Logout
1406715811541,699,5,LoginDetails
1406715811663,1185,16,Login
1406715812241,31,16,LoginDetails
1406715812368,6022,8,LoginDetails
1406715812653,1773,10,LoginDetails
1406715812694,2269,27,End
1406715812756,1747,0,Login
1406715813034,365,14,Login
1406715813593,3483,28,LoginDetails
1406715813600,4337,7,Home
1406715813697,230,14,LoginDetails
1406715813953,2258,2,Home
1406715814151,443,26,End
1406715814654,2746,11,Login
1406715814907,1336,0,LoginDetails
1406715815817,1736,16,Home
1406715816035,870,11,LoginDetails
1406715816775,1739,9,Login
1406715817540,2420,30,QuickAddMain
1406715817827,5519,1,Home
1406715818134,850,9,LoginDetails
1406715819138,699,5,QuickAddMain
1406715819161,122,28,QuickAddMain
1406715819338,315,23,QuickAddMain
1406715819535,4489,15,Home
1406715819951,2786,14,Home
1406715820090,3550,17,CartAddAll
1406715820737,2727,3,Home
1406715821780,5671,12,Home
1406715822193,4125,7,Login
1406715823688,1844,32,End
1406715824282,1803,16,Login
1406715824430,133,30,CartAddAll
1406715824515,2288,13,Login
1406715824553,2903,17,Logout
1406715824639,4046,19,Login
1406715824669,2391,31,Home
1406715825006,2575,1,Login
1406715825494,3524,25,QuickAddMain
1406715825569,1512,26,Home
1406715826102,2305,0,QuickAddMain
1406715826352,706,1,LoginDetails
1406715826456,1536,11,QuickAddMain
1406715826639,309,23,CartAddAll
1406715827017,704,2,Login
1406715827102,4461,7,LoginDetails
1406715827883,1058,12,Login
1406715828072,3167,13,LoginDetails
1406715828736,229,12,LoginDetails
1406715828899,3916,16,LoginDetails
1406715828940,3691,19,LoginDetails
1406715829632,2393,5,CartAddAll
1406715829664,3128,30,Logout
1406715829961,3443,28,CartAddAll
1406715830744,2989,2,LoginDetails
1406715831611,215,5,Logout
1406715832561,1238,8,QuickAddMain
1406715832917,4146,23,Logout
1406715832925,1101,10,QuickAddMain
1406715833453,1596,3,Login
1406715833792,2133,9,QuickAddMain
1406715833838,1157,22,Login
1406715833988,2290,28,Logout
1406715834302,484,11,CartAddAll
1406715834864,272,34,End
1406715835425,1795,0,CartAddAll
1406715835688,3201,25,CartAddAll
1406715836123,417,32,Home
1406715836581,371,13,QuickAddMain
1406715837003,5931,12,Home
1406715837330,4215,7,QuickAddMain
1406715837508,3536,3,LoginDetails
1406715838057,2150,11,Logout
1406715838477,440,0,Logout
1406715839065,4560,22,LoginDetails
1406715839144,1677,25,Logout
1406715839777,3167,1,QuickAddMain
1406715840053,2441,2,QuickAddMain
1406715840599,3625,16,QuickAddMain
1406715840777,1389,29,End
1406715841535,784,32,Login
1406715841540,4687,17,End
1406715842026,940,9,CartAddAll
1406715842369,6976,26,Login
1406715842476,6035,19,QuickAddMain
1406715842732,3974,8,Home
1406715842824,4128,15,Login
1406715842844,661,32,LoginDetails
1406715842962,3189,31,Login
1406715843087,92,23,Home
1406715843093,1030,5,Home
1406715843239,4508,30,End
1406715843697,6,9,Logout
1406715843731,95,3,QuickAddMain
1406715844029,660,26,LoginDetails
1406715844396,198,20,Home
1406715845026,2241,10,CartAddAll
1406715845059,3477,4,Home
1406715845199,768,32,Home
1406715845556,655,11,Home
1406715845727,1994,15,LoginDetails
1406715845959,205,17,Home
1406715846126,2429,31,LoginDetails
1406715846936,2884,29,Home
1406715847273,1798,6,CartAddAll
1406715847929,516,30,Home
1406715847972,1400,22,QuickAddMain
1406715848085,538,25,Home
1406715848743,823,1,Home
1406715848822,4742,34,Home
1406715849419,402,6,Logout
1406715850282,3636,10,Logout
1406715850357,11,3,Home
1406715850576,3189,5,Login
1406715851217,1077,26,QuickAddMain
1406715852919,1787,5,LoginDetails
1406715853229,1702,15,QuickAddMain
1406715854845,2165,19,CartAddAll
1406715855336,1913,25,Login
1406715855379,3205,31,QuickAddMain
1406715855846,2184,14,Login
1406715856370,1835,32,Login
1406715856508,14,19,Logout
1406715857219,155,32,LoginDetails
1406715857977,34,5,QuickAddMain
1406715858454,2153,14,LoginDetails
1406715858954,2567,1,Login
1406715858963,6628,21,Home
1406715859345,3257,25,LoginDetails
1406715860030,5216,11,Login
1406715860199,1647,32,Home
1406715860461,309,23,Login
1406715861602,285,33,Home
1406715861734,1144,11,LoginDetails
1406715861863,2268,1,LoginDetails
1406715863544,232,14,QuickAddMain
1406715863645,326,12,Login
1406715864371,2000,0,End
1406715865197,2285,25,QuickAddMain
1406715865466,1386,12,LoginDetails
1406715865503,4513,23,LoginDetails
1406715866951,2853,10,Home
1406715867891,12671,22,CartAddAll
1406715868424,1697,15,Home
1406715868580,581,33,Login
1406715868740,820,11,QuickAddMain
1406715869098,1051,12,QuickAddMain
1406715869932,522,22,Logout
1406715870560,2588,7,Home
1406715871756,4930,1,QuickAddMain
1406715871757,115,25,Home
1406715872327,957,24,Home
1406715873806,1835,23,QuickAddMain
1406715874223,1760,15,Login
1406715874534,5220,33,LoginDetails
1406715875709,2513,26,CartAddAll
1406715875922,362,12,CartAddAll
1406715876068,1186,0,Home
1406715877274,840,11,CartAddAll
1406715877613,2085,21,Login
1406715878393,842,26,Logout
1406715878519,8024,8,Login
1406715879100,90,1,CartAddAll
1406715879150,1123,21,LoginDetails
1406715879269,317,8,LoginDetails
1406715879275,1753,12,Logout
1406715879975,2677,22,Home
1406715880507,3017,24,Login
1406715880526,3226,7,Login
1406715880706,5059,2,Home
1406715881121,5131,10,Login
1406715881130,2963,25,Login
1406715881279,588,4,Login
1406715881441,545,24,LoginDetails
1406715881517,6666,15,LoginDetails
1406715882065,1147,7,LoginDetails
1406715882383,848,25,LoginDetails
1406715883089,885,33,QuickAddMain
1406715883177,1548,10,LoginDetails
1406715884431,5106,11,Logout
1406715884904,990,29,Login
1406715885381,3255,4,LoginDetails
1406715885425,4641,1,Logout
1406715886020,238,29,LoginDetails
1406715886184,169,31,Home
1406715886551,736,8,QuickAddMain
1406715886863,1752,21,QuickAddMain
1406715887294,8679,6,End
1406715887719,1816,25,QuickAddMain
1406715888062,251,15,QuickAddMain
1406715889047,45,10,QuickAddMain
1406715889126,1680,12,Home
1406715889874,2270,29,Home
1406715890053,2521,7,QuickAddMain
1406715890562,5234,34,Login
1406715891112,3008,24,QuickAddMain
1406715891858,600,34,LoginDetails
1406715892842,5356,31,Login
1406715893391,543,3,Login
1406715893797,280,31,LoginDetails
1406715894312,156,20,Login
1406715894327,268,3,LoginDetails
1406715894387,3141,4,QuickAddMain
1406715894460,3158,2,Login
1406715894949,574,23,CartAddAll
1406715895301,516,20,LoginDetails
1406715895477,2031,1,Home
1406715896337,778,2,LoginDetails
1406715896381,647,12,Login
1406715896466,1278,25,Home
1406715897658,31,23,Logout
1406715898001,817,10,Home
1406715898160,2130,32,Login
1406715898716,5024,0,Login
1406715899914,3816,3,Home
1406715900149,1425,28,Home
1406715900159,6295,6,Home
1406715901615,3518,33,Home
1406715902436,581,19,Home
1406715902459,3811,32,LoginDetails
1406715902832,5535,12,LoginDetails
1406715903064,27,31,QuickAddMain
1406715903227,4313,20,Home
1406715903343,1831,22,Login
1406715904962,1374,4,CartAddAll
1406715904990,330,1,Login
1406715905098,9006,8,Home
1406715905110,545,22,LoginDetails
1406715905273,3254,34,QuickAddMain
1406715905274,1732,2,QuickAddMain
1406715905920,6319,0,LoginDetails
1406715906072,2226,19,Login
1406715906183,1504,26,Home
1406715906508,1120,13,Home
1406715907013,1460,28,Login
1406715908022,320,28,LoginDetails
1406715908589,1202,14,CartAddAll
1406715908769,2057,17,Login
1406715908950,2036,4,Logout
1406715910032,23,5,Home
1406715910485,4635,1,LoginDetails
1406715910804,359,14,Logout
1406715910876,172,23,Home
1406715911106,1929,12,QuickAddMain
1406715911408,2477,32,QuickAddMain
1406715911468,5572,6,Login
1406715911664,2240,17,LoginDetails
1406715912639,377,22,QuickAddMain
1406715913224,89,3,Login
1406715913228,1275,6,LoginDetails
1406715913366,3090,28,Home
1406715914203,802,16,Home
1406715914419,22,10,Login
1406715915283,1221,3,LoginDetails
1406715915768,1621,33,Login
1406715916152,965,30,Login
1406715916354,4323,0,QuickAddMain
1406715916791,2232,11,End
1406715916850,872,19,LoginDetails
1406715917802,2300,9,Home
1406715918222,175,27,Home
1406715918564,1632,30,LoginDetails
1406715919205,322,5,Login
1406715919621,515,16,Login
1406715919682,2976,33,LoginDetails
1406715919979,2679,17,QuickAddMain
1406715920416,4333,8,Login
1406715920447,166,22,CartAddAll
1406715920465,22,12,CartAddAll
1406715920703,199,4,Home
1406715921248,874,16,LoginDetails
1406715923121,3988,6,QuickAddMain
1406715923166,643,12,Logout
1406715923220,5843,1,QuickAddMain
1406715923500,2197,3,QuickAddMain
1406715923630,1106,22,Logout
1406715923915,490,19,QuickAddMain
1406715923970,315,23,Login
1406715924059,430,11,Home
1406715924153,106,29,Login
1406715924445,3502,34,Home
1406715924613,1404,9,Login
1406715924613,4877,5,LoginDetails
1406715925007,5014,28,Login
1406715925376,1296,30,QuickAddMain
1406715925395,817,4,Login
1406715925667,4757,8,LoginDetails
1406715925795,1157,29,LoginDetails
1406715925836,3415,27,Login
1406715926339,3001,21,Home
1406715926616,1125,28,LoginDetails
1406715926903,451,4,LoginDetails
1406715926943,2960,0,CartAddAll
1406715927065,988,14,Home
1406715927243,823,32,CartAddAll
1406715927571,988,33,QuickAddMain
1406715927732,1104,27,LoginDetails
1406715927753,2373,9,LoginDetails
1406715929056,4664,23,LoginDetails
1406715929923,1098,0,Logout
1406715929928,3155,7,Home
1406715930480,1945,24,Home
1406715930483,1398,32,Logout
1406715930809,237,3,CartAddAll
1406715930827,2204,17,CartAddAll
1406715932470,3475,34,Login
1406715933119,4557,11,Login
1406715933526,1651,16,QuickAddMain
1406715933659,33,28,QuickAddMain
1406715933989,1359,8,QuickAddMain
1406715934070,2913,6,CartAddAll
1406715934280,9572,15,Home
1406715934643,2487,25,Login
1406715934683,3081,10,LoginDetails
1406715934846,2247,19,CartAddAll
1406715934897,1399,30,CartAddAll
1406715935445,1874,34,LoginDetails
1406715935564,1688,18,End
1406715935870,1665,9,QuickAddMain
1406715935958,231,6,Logout
1406715935996,111,23,QuickAddMain
1406715936009,4564,1,CartAddAll
1406715936050,1123,24,Login
1406715936244,3639,21,Login
1406715936404,1357,25,LoginDetails
1406715936823,5616,5,QuickAddMain
1406715936956,4026,3,Logout
1406715937327,782,19,Logout
1406715937650,682,30,Logout
1406715937818,107,20,Login
1406715938280,1866,12,Home
1406715938368,1943,24,LoginDetails
1406715938515,1849,21,LoginDetails
1406715939145,4175,33,CartAddAll
1406715939158,3044,27,QuickAddMain
1406715939258,2784,4,QuickAddMain
1406715939433,5536,22,Home
1406715940135,2171,7,Login
1406715940301,6776,11,LoginDetails
1406715940862,252,7,LoginDetails
1406715940893,2359,18,Home
1406715941803,707,33,Logout
1406715942229,8384,29,QuickAddMain
1406715943436,5243,13,Login
1406715943715,4020,15,Login
1406715943755,5567,20,LoginDetails
1406715943805,245,34,QuickAddMain
1406715943900,1340,2,CartAddAll
1406715944061,4063,10,QuickAddMain
1406715945032,12273,17,Logout
1406715945311,1285,22,Login
1406715945352,1230,15,LoginDetails
1406715945650,1905,23,CartAddAll
1406715946098,643,9,CartAddAll
1406715946372,3060,32,End
1406715946402,577,22,LoginDetails
1406715946465,905,12,Login
1406715946709,9357,1,Logout
1406715946809,3062,8,CartAddAll
1406715946879,290,11,QuickAddMain
1406715947173,3631,0,Home
1406715947734,2304,2,Logout
1406715947760,1242,4,CartAddAll
1406715948016,4763,5,Home
1406715948326,1037,23,Logout
1406715948572,411,9,Logout
1406715949098,375,17,Home
1406715949187,1987,12,LoginDetails
1406715949387,5465,25,QuickAddMain
1406715949614,1138,8,Logout
1406715949678,3756,24,QuickAddMain
1406715950253,7260,16,CartAddAll
1406715950293,1769,29,CartAddAll
1406715950593,1519,15,Home
1406715952332,935,10,CartAddAll
1406715952482,3853,27,CartAddAll
1406715952756,511,29,Logout
1406715952780,334,30,Home
1406715953214,808,11,Home
1406715953249,780,14,Login
1406715953451,467,34,CartAddAll
1406715953542,54,32,Home
1406715954062,2179,16,Logout
1406715954211,73,17,Login
1406715954368,614,22,QuickAddMain
1406715954731,614,10,Logout
1406715955029,579,12,QuickAddMain
1406715955277,1330,14,LoginDetails
1406715955312,349,34,Logout
1406715955979,1618,27,Logout
1406715956209,1495,17,LoginDetails
1406715956286,6218,4,Logout
1406715956558,3173,33,Home
1406715957583,1519,9,Home
1406715957689,70,24,CartAddAll
1406715957726,501,20,QuickAddMain
1406715957944,662,21,QuickAddMain
1406715958066,1679,30,Login
1406715958302,559,32,Login
1406715958444,574,5,Login
1406715958462,1268,7,QuickAddMain
1406715958861,259,0,Login
1406715959116,4073,19,End
1406715960356,858,0,LoginDetails
1406715960409,578,23,Home
1406715961036,884,24,Logout
1406715961159,1890,32,LoginDetails
1406715961856,2636,5,LoginDetails
1406715962054,3314,30,LoginDetails
1406715963044,989,22,CartAddAll
1406715963045,245,17,QuickAddMain
1406715963334,677,33,Login
1406715963538,380,16,Home
1406715963696,395,12,CartAddAll
1406715965185,2164,27,End
1406715965563,1052,25,CartAddAll
1406715965614,3101,1,Home
1406715965699,467,22,Logout
1406715965703,63,15,Login
1406715965926,1851,33,LoginDetails
1406715967017,475,0,QuickAddMain
1406715967616,1821,12,Logout
1406715967736,1525,15,LoginDetails
1406715967769,109,32,QuickAddMain
1406715968468,2666,7,Home
1406715968674,998,25,Logout
1406715969379,2963,5,QuickAddMain
1406715971001,1854,30,QuickAddMain
1406715971650,162,21,CartAddAll
1406715972360,3609,23,Login
1406715973063,53,23,LoginDetails
1406715973253,2475,20,CartAddAll
1406715975302,1285,7,Login
1406715975428,163,20,Logout
1406715975725,2285,21,Logout
1406715976472,2009,26,Login
1406715976804,1388,12,End
1406715977266,1147,32,CartAddAll
1406715977406,3800,15,QuickAddMain
1406715977517,3029,31,Home
1406715977752,2407,23,Home
1406715978918,3102,7,LoginDetails
1406715979464,251,11,Login
1406715979800,716,14,QuickAddMain
1406715980439,2418,5,CartAddAll
1406715981435,2144,32,Logout
1406715982363,392,25,Home
1406715983177,990,5,Logout
1406715984159,209,25,Login
1406715984296,1611,31,Login
1406715984473,1218,20,Home
1406715984916,4756,26,LoginDetails
1406715985472,239,21,Home
1406715986076,388,8,End
1406715988892,337,2,Home
1406715989068,505,4,Home
1406715989158,1573,7,QuickAddMain
1406715989503,5768,19,Home
1406715991898,641,33,QuickAddMain
1406715993914,505,9,Login
1406715994787,1094,28,Home
1406715995590,324,17,CartAddAll
1406715997060,6830,25,LoginDetails
1406715997238,196,20,Login
1406715997272,2565,9,LoginDetails
1406715997451,4304,1,Login
1406715997564,1289,27,Home
1406715998090,228,1,LoginDetails
1406715998787,444,23,Login
1406715998941,1053,20,LoginDetails
1406715999018,1278,17,Logout
1406716000195,631,8,Home
1406716001493,3465,14,CartAddAll
1406716001718,3814,15,CartAddAll
1406716002321,1455,13,LoginDetails
1406716002991,5358,6,Home
1406716002999,3749,23,LoginDetails
1406716003403,456,14,Logout
1406716004212,1087,15,Logout
1406716004337,812,1,QuickAddMain
1406716004357,19208,31,LoginDetails
1406716004993,571,11,LoginDetails
1406716007790,178,13,QuickAddMain
1406716008248,341,3,End
1406716008986,4367,16,Login
1406716009316,1306,6,Login
1406716009715,190,16,LoginDetails
1406716009844,60,6,LoginDetails
1406716010586,4357,20,QuickAddMain
1406716012125,7,3,Home
1406716012134,815,11,QuickAddMain
1406716013596,732,1,CartAddAll
1406716014475,1447,26,QuickAddMain
1406716014670,2044,6,Home
1406716015288,3951,7,CartAddAll
1406716015838,222,12,Home
1406716016110,313,9,QuickAddMain
1406716016570,254,3,Login
1406716016605,435,23,QuickAddMain
1406716016717,888,25,QuickAddMain
1406716016995,817,31,QuickAddMain
1406716017324,177,3,LoginDetails
1406716017337,1275,1,Logout
1406716018683,1915,5,Home
1406716019312,357,2,Login
1406716019363,185,3,Home
1406716020516,2301,16,QuickAddMain
1406716020883,1869,28,Login
1406716021604,316,29,End
1406716021786,636,12,Login
1406716022082,2168,2,LoginDetails
1406716022654,1866,21,Login
1406716023022,509,12,LoginDetails
1406716023065,3525,4,Login
1406716023402,6050,27,Login
1406716024100,747,17,End
1406716024147,7055,7,Logout
1406716024299,360,27,LoginDetails
1406716024365,1137,13,CartAddAll
1406716024440,422,4,LoginDetails
1406716024598,2611,8,Login
1406716024725,206,18,Login
1406716024901,2700,26,CartAddAll
1406716025001,979,25,Home
1406716025058,485,15,Home
1406716025241,1574,21,LoginDetails
1406716025341,2412,10,Home
1406716025412,5953,6,Login
1406716025491,2174,9,CartAddAll
1406716026081,4504,28,LoginDetails
1406716026403,330,13,Logout
1406716026642,1351,33,CartAddAll
1406716026731,156,1,End
1406716027475,2209,5,Login
1406716027648,2245,8,LoginDetails
1406716027964,2030,24,End
1406716027976,1303,26,Logout
1406716028242,927,9,Logout
1406716028889,2953,6,LoginDetails
1406716029066,1867,19,Login
1406716029358,21,31,Home
1406716029799,1496,33,Logout
1406716030044,325,19,LoginDetails
1406716030050,2294,22,End
1406716030192,2031,5,LoginDetails
1406716030330,387,25,Login
1406716031006,1816,29,Home
1406716031077,636,7,Home
1406716031229,1006,12,QuickAddMain
1406716031912,460,24,Home
1406716031992,4367,16,CartAddAll
1406716033201,240,21,QuickAddMain
1406716033442,2569,10,Login
1406716033659,4503,2,QuickAddMain
1406716033913,386,16,Logout
1406716034045,227,4,QuickAddMain
1406716034175,8924,18,LoginDetails
1406716034670,3430,27,QuickAddMain
1406716035281,4508,25,LoginDetails
1406716036882,508,28,QuickAddMain
1406716037200,2780,32,Home
1406716037268,5318,20,CartAddAll
1406716037269,2771,6,QuickAddMain
1406716038313,2273,34,Home
1406716039317,784,3,Login
1406716039530,5324,10,LoginDetails
1406716039633,812,5,QuickAddMain
1406716039728,3475,31,Login
1406716039860,5839,23,CartAddAll
1406716040090,40,8,QuickAddMain
1406716040132,296,12,CartAddAll
1406716041744,1576,31,LoginDetails
1406716042429,845,23,Logout
1406716042480,344,21,CartAddAll
1406716042789,3369,20,Logout
1406716042947,2893,3,LoginDetails
1406716043715,639,32,Login
1406716043904,2285,30,Home
1406716043956,2650,7,Login
1406716044350,1065,4,CartAddAll
1406716044777,3485,24,Login
1406716045004,434,21,Logout
1406716045933,1184,32,LoginDetails
1406716046093,4186,12,Logout
1406716046408,2091,18,QuickAddMain
1406716046541,916,26,End
1406716046828,6886,19,QuickAddMain
1406716047161,1380,17,Home
1406716047288,1278,4,Logout
1406716048320,3473,15,Login
1406716048421,708,31,QuickAddMain
1406716048480,865,27,CartAddAll
1406716048519,1644,6,CartAddAll
1406716048771,3806,7,LoginDetails
1406716049623,4493,0,CartAddAll
1406716049934,2717,5,Home
1406716050029,179,1,Home
1406716050088,2053,3,QuickAddMain
1406716050348,119,23,Home
1406716051180,2883,30,Login
1406716051496,2571,15,LoginDetails
1406716051613,25,30,LoginDetails
1406716052292,923,0,Logout
1406716052430,19,11,Home
1406716052736,7396,24,LoginDetails
1406716053176,8965,25,QuickAddMain
1406716054955,4730,6,Logout
1406716055859,1872,30,Home
1406716056125,253,17,Login
1406716056459,9657,10,QuickAddMain
1406716056619,3595,14,Home
1406716056961,4921,13,Home
1406716057724,3970,21,Home
1406716058030,496,4,Home
1406716058340,968,24,QuickAddMain
1406716058460,1786,17,LoginDetails
1406716058845,1984,23,Login
1406716058931,416,15,QuickAddMain
1406716059200,8787,27,Logout
1406716059289,1301,12,Home
1406716059529,8192,32,QuickAddMain
1406716059693,923,2,Home
1406716059737,3867,8,CartAddAll
1406716061303,74,8,Logout
1406716061333,5988,7,QuickAddMain
1406716061363,1866,23,LoginDetails
1406716061615,1043,19,Home
1406716062423,293,34,Login
1406716062511,572,11,Login
1406716062899,2468,30,Login
1406716063258,828,21,Login
1406716063289,156,10,CartAddAll
1406716063657,45,11,LoginDetails
1406716064174,96,21,LoginDetails
1406716064195,2577,28,CartAddAll
1406716064533,2429,26,Home
1406716065115,122,10,Logout
1406716065506,2463,34,LoginDetails
1406716065592,1485,17,QuickAddMain
1406716065911,1576,12,Login
1406716066067,229,4,Login
1406716066193,698,19,Login
1406716066473,3912,33,Home
1406716066599,2800,0,Home
1406716066706,3229,30,LoginDetails
1406716067089,480,32,Home
1406716067169,499,12,LoginDetails
1406716067180,1495,3,Home
1406716067731,3447,16,Home
1406716068151,1738,21,Home
1406716068162,416,23,QuickAddMain
1406716068415,2201,28,Logout
1406716068758,1411,15,CartAddAll
1406716068854,2075,6,End
1406716069454,1195,24,Home
1406716069511,1215,7,CartAddAll
1406716070590,2631,25,Home
1406716070624,499,19,LoginDetails
1406716071157,1368,27,End
1406716071299,1458,26,Login
1406716071621,6166,29,Login
1406716072181,283,0,Login
1406716072370,623,26,LoginDetails
1406716072410,1370,11,QuickAddMain
1406716072440,3829,2,Login
1406716072535,5199,4,LoginDetails
1406716072842,433,6,Home
1406716073020,163,30,QuickAddMain
1406716073251,340,17,CartAddAll
1406716073568,1418,5,Login
1406716073741,5241,1,Login
1406716074814,2359,34,QuickAddMain
1406716075451,10452,14,Login
1406716075647,4649,15,Logout
1406716075965,1466,31,Home
1406716076269,3279,2,LoginDetails
1406716076693,3778,21,Login
1406716076789,1934,26,Home
1406716076797,626,14,LoginDetails
1406716076799,2507,5,LoginDetails
1406716076913,2,12,QuickAddMain
1406716077127,1043,17,Logout
1406716077515,3016,1,LoginDetails
1406716077587,5532,29,LoginDetails
1406716077798,4964,0,LoginDetails
1406716078125,7045,7,Logout
1406716078430,2103,25,Login
1406716078661,567,3,Login
1406716079386,1751,27,Home
1406716079851,1105,6,Login
1406716080040,7556,16,Login
1406716080075,3033,10,Home
1406716080153,3052,21,LoginDetails
1406716080962,958,23,Home
1406716081234,3083,24,Login
1406716081241,471,31,Login
1406716081511,2689,19,QuickAddMain
1406716081736,1161,16,LoginDetails
1406716083109,4256,25,LoginDetails
1406716083544,1524,31,LoginDetails
1406716083693,1838,24,LoginDetails
1406716083761,4208,4,QuickAddMain
1406716083820,1557,15,Home
1406716084125,3261,6,LoginDetails
1406716085420,6955,33,Login
1406716085484,728,14,QuickAddMain
1406716086708,4266,2,QuickAddMain
1406716086785,2485,12,CartAddAll
1406716086832,1298,30,Home
1406716086842,5433,26,Login
1406716087222,1687,0,QuickAddMain
1406716087528,241,26,LoginDetails
1406716088093,1842,33,LoginDetails
1406716088539,1991,10,Login
1406716088777,3726,1,QuickAddMain
1406716088787,5361,7,Home
1406716089969,1956,16,QuickAddMain
1406716090072,27,26,Home
1406716090559,5987,34,Home
1406716090662,631,17,Home
1406716091148,400,6,QuickAddMain
1406716093547,3603,10,LoginDetails
1406716093895,4624,12,Logout
1406716094285,936,4,CartAddAll
1406716095540,6772,25,QuickAddMain
1406716095643,730,33,QuickAddMain
1406716095667,673,14,Home
1406716096048,1187,22,Home
1406716097223,1591,7,Login
1406716097240,655,4,Logout
1406716097854,2733,0,CartAddAll
1406716098027,2936,13,Login
1406716098381,1420,14,Login
1406716098631,136,13,LoginDetails
1406716098832,49,29,QuickAddMain
1406716099994,2503,32,Login
1406716100147,1487,5,QuickAddMain
1406716100799,2836,7,LoginDetails
1406716100979,699,0,Logout
1406716101103,2680,21,QuickAddMain
1406716101425,2062,3,LoginDetails
1406716102049,986,26,Login
1406716102072,2432,17,Login
1406716102656,88,17,LoginDetails
1406716103482,163,28,End
1406716103503,754,26,LoginDetails
1406716103631,1562,14,LoginDetails
1406716104168,3714,32,LoginDetails
1406716105011,3478,20,Home
1406716106680,2900,25,CartAddAll
1406716106784,4494,15,Login
1406716106994,1648,17,Home
1406716107975,6461,12,End
1406716108142,4,4,Home
1406716109574,2287,9,Home
1406716110272,3042,15,LoginDetails
1406716110449,3528,6,Home
1406716112398,3078,7,QuickAddMain
1406716113026,4507,25,Logout
1406716113866,1004,26,QuickAddMain
1406716114673,5376,14,QuickAddMain
1406716115802,1627,9,Login
1406716116003,395,29,CartAddAll
1406716117582,1957,1,CartAddAll
1406716117735,10319,28,Home
1406716118436,1845,15,QuickAddMain
1406716118571,3119,5,CartAddAll
1406716118786,838,6,Login
1406716118810,2298,9,LoginDetails
1406716119426,1762,29,Logout
1406716119839,403,1,Logout
1406716119976,129,4,Login
1406716120221,57,0,Home
1406716120614,22,4,LoginDetails
1406716122304,1806,5,Logout
1406716124508,1140,4,Home
1406716125043,59,0,Login
1406716125269,5857,23,Login
1406716125737,159,9,QuickAddMain
1406716125987,157,23,LoginDetails
1406716126717,1102,24,QuickAddMain
1406716127028,688,34,Login
1406716127571,1213,11,Home
1406716128356,1260,1,Home
1406716128415,339,34,LoginDetails
1406716129169,3318,22,Login
1406716129582,4003,2,Home
1406716129586,80,28,Login
1406716129851,2933,15,CartAddAll
1406716130250,1126,8,Home
1406716130330,264,29,Home
1406716130348,1884,30,Login
1406716130364,4207,31,QuickAddMain
1406716130733,255,34,Home
1406716131187,24,30,LoginDetails
1406716131530,157,5,Home
1406716131805,2227,22,LoginDetails
1406716132613,28,3,QuickAddMain
1406716132717,2654,28,LoginDetails
1406716132796,162,10,QuickAddMain
1406716133038,385,1,Login
1406716134332,1497,32,QuickAddMain
1406716134739,1482,9,CartAddAll
1406716135111,3287,15,Logout
1406716135646,1753,1,LoginDetails
1406716135846,2245,13,QuickAddMain
1406716135928,2860,30,Home
1406716136476,998,23,QuickAddMain
1406716136871,1662,8,Login
1406716136936,4156,11,Login
1406716137404,1340,5,Login
1406716137740,885,7,Home
1406716138132,1373,29,Login
1406716138398,760,8,LoginDetails
1406716138465,1074,11,LoginDetails
1406716138670,1172,20,Login
1406716138789,2231,18,Home
1406716139049,882,5,LoginDetails
1406716139323,2451,9,Logout
1406716139412,193,20,LoginDetails
1406716139573,3355,22,Home
1406716139800,909,29,LoginDetails
1406716141674,4447,2,Login
1406716142051,91,24,CartAddAll
1406716142841,480,10,Home
1406716143361,4388,28,QuickAddMain
1406716143526,1128,3,CartAddAll
1406716143759,2250,27,Login
1406716144349,220,11,QuickAddMain
1406716144691,6698,21,Home
1406716144930,2772,2,LoginDetails
1406716145214,1374,23,CartAddAll
1406716145575,2990,1,QuickAddMain
1406716146400,2211,27,LoginDetails
1406716146468,2796,24,Logout
1406716147629,6846,30,Login
1406716147855,363,23,Logout
1406716147933,3550,22,Login
1406716147937,1150,32,Home
1406716148153,1905,7,Login
1406716148269,2603,3,Logout
1406716149289,433,8,QuickAddMain
1406716149385,3575,33,CartAddAll
1406716149586,2168,5,QuickAddMain
1406716149659,5201,34,Login
1406716150231,1837,22,LoginDetails
1406716150269,1825,30,LoginDetails
1406716150494,1045,10,Login
1406716151294,734,34,LoginDetails
1406716151414,2252,7,LoginDetails
1406716151416,445,21,Login
1406716152252,1070,33,Logout
1406716152885,1084,10,LoginDetails
1406716152899,7417,15,End
1406716153624,3002,19,Home
1406716153859,107,27,QuickAddMain
1406716155116,1043,32,Login
1406716155177,1953,2,QuickAddMain
1406716155988,129,10,Home
1406716156181,376,32,LoginDetails
1406716156296,4402,21,LoginDetails
1406716157081,549,14,Home
1406716157157,1407,19,Login
1406716157235,694,23,Home
1406716157780,520,22,QuickAddMain
1406716158160,304,34,QuickAddMain
1406716158389,1919,15,Home
1406716159144,2281,5,CartAddAll
1406716159679,2002,26,Home
1406716161979,4459,30,QuickAddMain
1406716162851,12,15,Login
1406716162968,2211,32,Home
1406716163795,2359,5,Logout
1406716165594,2189,15,LoginDetails
1406716166708,4034,14,Login
1406716166950,2427,23,Login
1406716167302,1105,11,Home
1406716167703,25,23,LoginDetails
1406716168019,3320,4,Login
1406716168379,1835,19,Home
1406716169069,574,32,Login
1406716169645,1292,12,Home
1406716170404,1802,4,LoginDetails
1406716170687,2728,1,CartAddAll
1406716171128,1297,32,LoginDetails
1406716171713,525,15,QuickAddMain
1406716173533,463,1,Logout
1406716173994,1797,17,Login
1406716175172,436,17,LoginDetails
1406716176587,68,20,QuickAddMain
1406716177371,3385,11,Login
1406716177930,13886,33,Home
1406716178148,1593,29,QuickAddMain
1406716178181,898,19,Login
1406716178262,60,11,LoginDetails
1406716178552,3460,5,Home
1406716179102,3764,2,Home
1406716179625,396,4,QuickAddMain
1406716179831,556,32,QuickAddMain
1406716180735,359,12,Login
1406716181486,4893,23,QuickAddMain
1406716183188,2271,11,Home
1406716183827,935,6,LoginDetails
1406716184015,785,0,Home
1406716184536,5622,19,LoginDetails
1406716185928,2491,17,QuickAddMain
1406716187659,1042,2,Login
1406716188573,1490,3,End
1406716190451,1998,2,LoginDetails
1406716191530,10240,12,LoginDetails
1406716192564,243,22,CartAddAll
1406716193369,225,26,Login
1406716193863,2336,33,Login
1406716194234,1631,4,Home
1406716194828,3816,19,QuickAddMain
1406716194890,703,22,Logout
1406716195606,1734,26,LoginDetails
1406716195951,1502,33,LoginDetails
1406716195995,1128,27,Home
1406716196976,617,31,Home
1406716198049,3691,6,QuickAddMain
1406716198422,901,2,QuickAddMain
1406716198616,285,21,QuickAddMain
1406716199514,1109,7,QuickAddMain
1406716200788,2178,10,Login
1406716201203,2534,18,Login
1406716201358,73,16,Home
1406716201560,3825,27,Login
1406716201794,133,13,Home
1406716201937,877,31,Login
1406716202118,7482,4,Login
1406716202721,1468,26,QuickAddMain
1406716202746,3201,11,Login
1406716203162,14,11,LoginDetails
1406716203703,1491,29,CartAddAll
1406716204019,2316,18,LoginDetails
1406716204797,69,22,Home
1406716205153,1842,33,QuickAddMain
1406716205399,316,3,Home
1406716205658,285,29,Logout
1406716206120,63,8,Home
1406716206267,4647,14,Home
1406716206914,5690,10,LoginDetails
1406716207600,4917,31,LoginDetails
1406716208808,523,19,Home
1406716209411,2346,2,CartAddAll
1406716209611,71,30,Home
1406716211981,5696,11,Home
1406716212398,2404,18,Home
1406716212448,6357,7,Home
1406716212653,3215,6,Home
1406716213054,6012,15,CartAddAll
1406716213861,459,13,Login
1406716214482,2885,14,Login
1406716214809,3971,2,Logout
1406716215772,796,14,LoginDetails
1406716216237,1357,15,Logout
1406716217151,332,11,Login
1406716218328,522,11,LoginDetails
1406716218601,5407,33,CartAddAll
1406716218930,4271,13,LoginDetails
1406716220026,1013,24,Home
1406716220817,3330,19,Login
1406716221241,2340,21,CartAddAll
1406716222412,1043,19,LoginDetails
1406716222557,3628,23,CartAddAll
1406716222848,7607,4,LoginDetails
1406716223927,732,21,Logout
1406716224454,3557,33,Logout
1406716226243,2000,14,QuickAddMain
1406716228514,735,12,QuickAddMain
1406716228628,2679,13,QuickAddMain
1406716229562,629,19,QuickAddMain
1406716230281,6111,23,Logout
1406716232048,609,7,Login
1406716232466,1831,4,QuickAddMain
1406716233372,1954,0,Login
1406716233565,1995,5,Login
1406716233607,771,7,LoginDetails
1406716234202,750,27,LoginDetails
1406716234353,274,0,LoginDetails
1406716234489,182,5,LoginDetails
1406716234750,8417,11,QuickAddMain
1406716236575,612,0,Home
1406716236773,1995,23,Home
1406716237588,81,20,CartAddAll
1406716241391,637,7,QuickAddMain
1406716242364,8,27,QuickAddMain
1406716242985,3678,20,Logout
1406716245305,3529,1,Home
1406716247226,5734,19,Home
1406716248138,150,2,End
1406716248142,6555,32,Home
1406716249564,3641,14,Home
1406716249965,9065,33,Home
1406716250524,304,0,Login
1406716250695,531,10,QuickAddMain
1406716251123,909,16,Login
1406716251439,1286,28,Home
1406716251779,1100,15,End
1406716251820,878,13,Home
1406716251826,335,29,Home
1406716252036,1221,27,CartAddAll
1406716252171,274,16,LoginDetails
1406716253070,1958,0,LoginDetails
1406716253874,4071,3,Login
1406716255090,5320,9,End
1406716255204,915,3,LoginDetails
1406716255535,3096,19,Login
1406716255736,2152,27,Logout
1406716255827,412,2,Home
1406716256698,614,19,LoginDetails
1406716256880,6859,22,Login
1406716258913,2961,33,Login
1406716259379,599,29,Login
1406716259670,581,0,QuickAddMain
1406716260123,1833,9,Home
1406716260145,2836,22,LoginDetails
1406716260361,889,33,LoginDetails
1406716262172,1950,29,LoginDetails
1406716262925,1336,10,Home
1406716263884,296,19,QuickAddMain
1406716270685,2857,29,QuickAddMain
1406716270783,2920,24,Login
1406716271899,7833,4,Home
1406716272039,814,24,LoginDetails
1406716272216,790,11,CartAddAll
1406716272332,500,8,Login
1406716273434,9818,2,Login
1406716274426,697,11,Logout
1406716276103,1388,14,Login
1406716276577,9686,33,QuickAddMain
1406716279005,814,18,Login
1406716279123,2345,15,Home
1406716279837,172,18,LoginDetails
1406716280459,2458,24,QuickAddMain
1406716280624,6677,2,LoginDetails
1406716282190,700,31,QuickAddMain
1406716283164,2821,34,Home
1406716284055,3929,19,CartAddAll
1406716284571,818,21,Home
1406716286582,732,19,Logout
1406716287793,1577,2,QuickAddMain
1406716287816,4316,14,LoginDetails
1406716289747,10565,5,QuickAddMain
1406716289771,3007,33,CartAddAll
1406716292473,347,30,Login
1406716292957,739,33,Logout
1406716293111,205,30,LoginDetails
1406716293850,552,1,Login
1406716294467,23,11,End
1406716294480,489,14,QuickAddMain
1406716294966,852,17,Home
1406716295510,908,1,LoginDetails
1406716295749,1553,32,Login
1406716295787,463,3,QuickAddMain
1406716297307,927,32,LoginDetails
1406716297565,2163,22,QuickAddMain
1406716297576,799,16,QuickAddMain
1406716297996,775,26,Home
1406716298444,3262,9,Login
1406716298769,3218,25,Home
1406716299496,1031,26,Login
1406716299748,4635,6,Login
1406716299774,255,7,Home
1406716299776,219,26,Home
1406716300522,273,6,LoginDetails
1406716300575,1703,9,LoginDetails
1406716301260,2726,10,Login
1406716302384,4367,0,Home
1406716302853,296,2,CartAddAll
1406716303009,508,3,Home
1406716303049,2374,34,Login
1406716303538,427,32,QuickAddMain
1406716304012,311,34,LoginDetails
1406716304070,307,23,Login
1406716305210,1854,1,QuickAddMain
1406716305466,1950,14,Home
1406716305613,3835,10,LoginDetails
1406716305947,52,33,Home
1406716307494,1867,12,CartAddAll
1406716307642,2718,23,LoginDetails
1406716307642,767,8,LoginDetails
1406716308630,3871,2,Logout
1406716308767,605,11,Home
1406716309454,399,12,Logout
1406716310358,734,8,Home
1406716310986,2121,25,Login
1406716313959,44,0,Login
1406716314354,1795,3,Login
1406716314922,1403,34,QuickAddMain
1406716314992,451,0,LoginDetails
1406716316043,429,3,LoginDetails
1406716317125,2647,4,Login
1406716318690,7254,25,LoginDetails
1406716319760,2506,0,Home
1406716323314,3361,14,Login
1406716323461,932,4,LoginDetails
1406716324809,2555,3,QuickAddMain
1406716325354,428,31,CartAddAll
1406716325379,509,25,QuickAddMain
1406716325397,1853,11,Login
1406716325740,1837,1,CartAddAll
1406716325805,1060,28,Login
1406716326093,1410,0,Login
1406716326189,755,14,LoginDetails
1406716326232,1979,24,Home
1406716326453,451,11,LoginDetails
1406716326691,1328,5,CartAddAll
1406716328706,688,11,Home
1406716329276,2500,0,LoginDetails
1406716329720,2646,19,Home
1406716329792,1660,5,Logout
1406716329805,3447,28,LoginDetails
1406716330434,2671,1,Logout
1406716331922,5016,31,Logout
1406716333197,817,8,Login
1406716334266,307,8,LoginDetails
1406716334425,1139,14,QuickAddMain
1406716334935,820,19,Login
1406716337260,738,8,Home
1406716340131,3966,0,QuickAddMain
1406716341234,2425,1,Home
1406716341773,441,25,Home
1406716345123,287,3,CartAddAll
1406716347012,98,3,Logout
1406716348137,983,7,Login
1406716349037,715,18,QuickAddMain
1406716352405,3583,7,LoginDetails
1406716358042,2559,12,Home
1406716360523,475,20,Home
1406716363100,2956,0,Home
1406716363210,4675,25,Login
1406716364173,1325,34,Home
1406716364349,623,25,LoginDetails
1406716365447,1906,14,Home
1406716366459,420,12,Login
1406716367103,546,12,Home
1406716367418,334,15,Login
1406716367420,530,25,Home
1406716368937,796,15,LoginDetails
1406716369937,814,16,CartAddAll
1406716370011,1090,3,Home
1406716370519,4075,19,Home
1406716370807,1567,22,CartAddAll
1406716371584,135,16,Logout
1406716372340,674,25,Login
1406716374602,1910,22,Logout
1406716375223,8155,21,Login
1406716375929,1697,3,Login
1406716376470,3438,25,LoginDetails
1406716377321,1645,21,LoginDetails
1406716377939,971,29,Home
1406716379449,649,21,Home
1406716379538,3899,24,Login
1406716381268,4570,3,LoginDetails
1406716383700,3710,24,LoginDetails
1406716386474,976,34,Login
1406716387388,232,33,Login
1406716387717,672,3,QuickAddMain
1406716387903,3317,25,QuickAddMain
1406716388047,766,8,Login
1406716389073,270,8,LoginDetails
1406716389439,501,34,LoginDetails
1406716390212,2703,31,Home
1406716390977,1190,1,Login
1406716391315,1286,24,QuickAddMain
1406716392794,1181,1,LoginDetails
1406716395361,284,8,QuickAddMain
1406716396312,1877,3,CartAddAll
1406716396768,2981,23,QuickAddMain
1406716398060,878,24,CartAddAll
1406716400271,7797,34,Home
1406716400358,2082,0,Login
1406716400553,783,25,Home
1406716400763,1072,24,Logout
1406716401406,339,30,QuickAddMain
1406716401481,254,1,QuickAddMain
1406716402079,2988,3,Logout
1406716402515,1080,9,QuickAddMain
1406716403729,2728,6,QuickAddMain
1406716404356,3443,0,LoginDetails
1406716404453,1150,19,Login
1406716404513,1646,23,CartAddAll
1406716404533,40,26,Login
1406716405248,1079,34,Login
1406716406003,768,26,LoginDetails
1406716406131,1195,19,LoginDetails
1406716407949,46,1,CartAddAll
1406716408103,2264,34,LoginDetails
1406716408345,1734,23,Logout
1406716408741,1947,11,Login
1406716409071,2053,33,Home
1406716409215,798,6,Home
1406716409694,384,11,LoginDetails
1406716410497,173,1,Logout
1406716411085,6023,25,Login
1406716412676,1030,19,QuickAddMain
1406716413242,1386,0,QuickAddMain
1406716413973,2098,25,LoginDetails
1406716414980,1872,31,Login
1406716415370,285,31,Home
1406716416315,11,33,Login
1406716417992,1293,33,LoginDetails
1406716418129,1652,3,End
1406716419327,2189,6,Login
1406716419463,1554,30,Home
1406716419821,2723,34,QuickAddMain
1406716420377,960,6,Home
1406716420849,136,25,QuickAddMain
1406716420988,2924,11,QuickAddMain
1406716422182,1762,8,Home
1406716422672,1218,13,Login
1406716422926,1404,3,Home
1406716424450,1003,13,LoginDetails
1406716425916,3386,24,End
1406716426658,778,23,Home
1406716426960,452,33,QuickAddMain
1406716428024,933,1,End
1406716428468,596,25,CartAddAll
1406716428512,2192,8,Login
1406716429955,3248,32,Home
1406716430521,3663,4,QuickAddMain
1406716430630,3672,3,Login
1406716431941,4933,28,QuickAddMain
1406716433046,1383,3,LoginDetails
1406716433303,100,10,QuickAddMain
1406716433993,3026,31,Login
1406716434773,5206,24,Home
1406716435318,6436,34,CartAddAll
1406716435435,1374,31,Home
1406716435617,1691,1,Home
1406716437890,7557,25,Logout
1406716438487,1337,34,Logout
1406716438650,2963,33,Home
1406716438851,652,3,QuickAddMain
1406716439460,922,24,Login
1406716440149,712,25,End
1406716440430,566,17,Login
1406716440686,1783,8,Home
1406716440936,43,17,LoginDetails
1406716440942,1832,1,Login
1406716441319,1802,5,End
1406716442444,2276,24,LoginDetails
1406716443346,1769,1,LoginDetails
1406716443708,1585,11,CartAddAll
1406716445425,355,10,CartAddAll
1406716445974,9707,18,CartAddAll
1406716446443,41,3,CartAddAll
1406716447006,105,33,Login
1406716447303,253,10,Logout
1406716447681,757,5,Home
1406716449297,1639,18,Logout
1406716449757,4405,11,Logout
1406716449851,99,4,CartAddAll
1406716450009,613,24,QuickAddMain
1406716450333,2779,25,Home
1406716451549,7826,19,CartAddAll
1406716451744,2010,14,Login
1406716451885,3338,3,Logout
1406716452459,1048,5,Login
1406716452703,1600,31,Login
1406716453492,394,5,LoginDetails
1406716456163,1662,25,Login
1406716456318,2608,7,QuickAddMain
1406716456917,3386,1,QuickAddMain
1406716457098,966,5,Home
1406716457316,4225,19,Logout
1406716457668,856,25,LoginDetails
1406716457729,6388,4,Logout
1406716459001,6188,31,Home
1406716459892,520,3,End
1406716460722,4697,24,CartAddAll
1406716461146,1689,21,Login
1406716461356,22,5,Login
1406716462215,3423,23,Login
1406716462335,387,5,LoginDetails
1406716463024,7027,10,Home
1406716463549,3659,34,Home
1406716463703,587,4,Home
1406716464919,503,22,End
1406716465248,382,33,Home
1406716465342,689,25,QuickAddMain
1406716465447,551,5,Home
1406716466059,3933,21,LoginDetails
1406716466202,3548,24,Logout
1406716466909,4982,7,Home
1406716467492,2732,0,Home
1406716468153,5355,23,LoginDetails
1406716469297,785,4,Login
1406716470083,181,33,Login
1406716471881,1283,33,LoginDetails
1406716471908,4994,19,End
1406716472325,506,15,QuickAddMain
1406716472351,4588,10,Login
1406716472897,5,10,LoginDetails
1406716473323,3184,4,LoginDetails
1406716473524,32,21,QuickAddMain
1406716474704,2096,34,Login
1406716476064,340,1,Home
1406716476293,5508,24,End
1406716476323,1081,23,QuickAddMain
1406716476344,760,10,Home
1406716476503,1014,34,LoginDetails
1406716478288,977,5,Login
1406716478297,4649,22,Home
1406716479029,71,25,Home
1406716479956,147,1,Login
1406716480253,206,11,Home
1406716480391,26,27,End
1406716480732,2497,34,Home
1406716481173,849,20,Login
1406716481320,929,12,Login
1406716482063,2865,5,LoginDetails
1406716483100,2425,4,QuickAddMain
1406716483863,3361,3,Home
1406716483963,348,1,LoginDetails
1406716484090,1675,9,CartAddAll
1406716484725,2624,7,Login
1406716485271,3350,33,QuickAddMain
1406716485272,131,7,LoginDetails
1406716486429,435,9,Logout
1406716487720,3038,34,Login
1406716488000,241,3,Login
1406716488096,1380,26,QuickAddMain
1406716488244,1058,25,Login
1406716488271,4260,27,Home
1406716488459,79,34,LoginDetails
1406716488707,231,3,LoginDetails
1406716489620,798,25,LoginDetails
1406716489774,6582,23,CartAddAll
1406716489781,758,1,Home
1406716489937,754,20,Home
1406716490398,1106,11,Login
1406716490799,221,16,End
1406716491263,2345,5,QuickAddMain
1406716491814,905,6,Login
1406716491840,293,34,Home
1406716492015,2307,4,CartAddAll
1406716492065,1345,30,Login
1406716492370,524,24,Home
1406716493520,1366,28,CartAddAll
1406716493667,2088,22,Login
1406716493689,1005,25,Home
1406716493733,2626,3,Home
1406716493805,2099,8,Login
1406716493925,146,2,Home
1406716494862,571,8,LoginDetails
1406716495296,313,33,Home
1406716495372,1941,11,LoginDetails
1406716495373,1682,13,QuickAddMain
1406716495662,1275,22,LoginDetails
1406716495775,200,7,QuickAddMain
1406716496488,4360,23,Logout
1406716496711,56,20,Login
1406716496866,692,24,Login
1406716497170,915,8,Home
1406716497345,2343,28,Logout
1406716497394,204,21,Home
1406716498001,804,20,LoginDetails
1406716498387,361,25,Login
1406716498789,3240,10,Login
1406716499334,388,33,Login
1406716499470,1694,3,Login
1406716499489,877,0,Login
1406716499743,723,25,LoginDetails
1406716499820,529,10,LoginDetails
1406716500144,4260,34,Login
1406716500351,7003,12,Home
1406716500504,936,1,Login
1406716500703,3183,24,LoginDetails
1406716500925,5989,4,Logout
1406716501572,624,30,Home
1406716502165,645,7,CartAddAll
1406716502400,1590,34,LoginDetails
1406716503244,3075,3,LoginDetails
1406716503322,307,23,End
1406716504894,142,11,QuickAddMain
1406716504964,60,25,Home
1406716505526,5077,22,QuickAddMain
1406716505851,11476,16,Home
1406716506035,2672,10,Home
1406716506092,2316,7,Logout
1406716506458,92,17,QuickAddMain
1406716507072,1887,30,Login
1406716508243,4116,13,Home
1406716508300,252,6,Home
1406716508505,4554,20,QuickAddMain
1406716508547,7376,1,LoginDetails
1406716508587,511,5,Home
1406716508687,463,34,QuickAddMain
1406716509097,4146,12,Login
1406716509850,1206,25,Login
1406716509989,603,23,Home
1406716510180,960,30,LoginDetails
1406716510898,460,25,LoginDetails
1406716511378,658,4,End
1406716511425,631,10,Login
1406716511949,1959,12,LoginDetails
1406716511961,1963,3,QuickAddMain
1406716512318,4516,24,QuickAddMain
1406716512402,2095,16,Login
1406716512694,3548,31,Login
1406716512880,186,5,Login
1406716513299,569,22,CartAddAll
1406716513989,190,23,Login
1406716514624,2595,0,Home
1406716514882,371,23,LoginDetails
1406716514948,1632,5,LoginDetails
1406716515034,2765,10,LoginDetails
1406716515191,260,4,Home
1406716515229,119,22,Logout
1406716515262,1155,1,QuickAddMain
1406716516017,1885,21,Login
1406716516054,1228,20,CartAddAll
1406716517716,312,8,Login
1406716517779,1303,15,CartAddAll
1406716518750,1910,30,QuickAddMain
1406716519071,1409,12,QuickAddMain
1406716520050,2360,20,Logout
1406716520304,744,0,Login
1406716520327,1663,29,Login
1406716520398,1124,24,CartAddAll
1406716520505,900,13,Login
1406716520667,2509,25,QuickAddMain
1406716520916,991,32,Login
1406716520939,368,17,CartAddAll
1406716521446,2282,2,Login
1406716521548,2059,4,Login
1406716521825,1926,3,CartAddAll
1406716522103,0,14,LoginDetails
1406716522353,766,32,LoginDetails
1406716522463,2855,15,Logout
1406716522582,1530,29,LoginDetails
1406716522613,4415,8,LoginDetails
1406716522632,1839,0,LoginDetails
1406716522780,2046,5,QuickAddMain
1406716522932,5158,11,Home
1406716522964,294,24,Logout
1406716523430,1320,4,LoginDetails
1406716523552,6936,26,CartAddAll
1406716523661,10826,16,LoginDetails
1406716523741,1730,2,LoginDetails
1406716524520,1829,1,CartAddAll
1406716524717,2024,17,Logout
1406716524931,1295,3,Logout
1406716525796,6552,21,LoginDetails
1406716526058,963,31,Home
1406716526752,1160,19,Home
1406716526974,595,1,Logout
1406716527597,840,10,QuickAddMain
1406716527930,171,23,QuickAddMain
1406716528826,3869,26,Logout
1406716528933,681,4,Home
1406716529650,960,30,CartAddAll
1406716530238,2668,7,End
1406716531047,2052,12,CartAddAll
1406716531863,4096,6,Login
1406716532319,143,25,CartAddAll
1406716532500,224,6,LoginDetails
1406716533904,2803,30,Logout
1406716534156,1378,7,Home
1406716534678,2052,12,Logout
1406716535040,1085,25,Logout
1406716541457,2266,6,Home
1406716542178,6,19,Login
1406716543107,79,19,LoginDetails
1406716543121,1186,4,Login
1406716543243,454,11,Login
1406716543426,1605,5,CartAddAll
1406716543540,2190,23,CartAddAll
1406716543945,789,0,QuickAddMain
1406716544421,734,10,CartAddAll
1406716544431,826,4,LoginDetails
1406716545368,2226,8,QuickAddMain
1406716545569,2251,21,QuickAddMain
1406716545607,1921,11,LoginDetails
1406716545986,1019,23,Logout
1406716547375,5293,34,Home
1406716547617,1268,10,Logout
1406716547871,4477,16,QuickAddMain
1406716548749,3772,5,Logout
1406716548828,8218,33,Home
1406716554160,3014,6,Login
1406716554592,3375,7,Login
1406716556362,1315,7,LoginDetails
1406716558373,3714,6,LoginDetails
1406716559637,7017,31,Login
1406716561269,1074,31,LoginDetails
1406716561325,3657,0,CartAddAll
1406716563757,514,0,Logout
1406716565399,1833,27,Login
