1404206658417,949,0,Home
1404206660136,23,1,Home
1404206666958,3759,2,Home
1404206668126,1699,3,Home
1404206671266,1523,4,Home
1404206676370,707,1,Register
1404206679534,1169,1,RegisterDetails
1404206682522,932,1,Logout
1404206695625,500,2,Register
1404206695715,1364,0,Register
1404206702406,6455,0,RegisterDetails
1404206707382,2971,0,Logout
1404206709509,338,4,Register
1404206709555,1074,2,RegisterDetails
1404206711423,1661,4,RegisterDetails
1404206712380,839,2,Logout
1404206713826,470,4,Logout
1404206714507,6262,3,Register
1404206714871,20,3,RegisterDetails
1404206718384,430,3,Logout
1404206721536,1804,2,End
1404206722501,3732,4,End
1404206722618,3640,1,End
1404206722849,1998,0,End
1404206724025,735,4,ThinkRequest
1404206724217,614,0,ThinkRequest
1404206724428,915,1,ThinkRequest
1404206725165,389,2,ThinkRequest
1404206726809,1643,2,Home
1404206727278,3061,0,Home
1404206728280,4254,4,Home
1404206728939,353,0,QuickAddMain
1404206729656,1105,3,End
1404206729853,5424,1,Home
1404206731636,3127,2,Login
1404206731810,1279,3,ThinkRequest
1404206732423,323,2,LoginDetails
1404206732709,898,3,Home
1404206733186,2329,0,CartAddAll
1404206733223,2375,1,CartView
1404206735175,1821,1,Home
1404206736033,351,2,Home
1404206737382,8241,4,CartView
1404206737732,3471,3,End
1404206738301,1929,1,End
1404206739252,1714,4,Home
1404206739311,267,2,CartView
1404206739420,886,3,End
1404206740409,2321,0,Home
1404206740638,1682,1,End
1404206740757,432,2,Home
1404206740822,968,3,ThinkRequest
1404206741848,262,2,SearchRand
1404206742209,830,1,ThinkRequest
1404206742312,787,0,CartView
1404206742428,1606,3,Home
1404206743160,950,1,Home
1404206743695,2723,4,End
1404206744497,180,1,Login
1404206744884,2441,0,Home
1404206745001,2080,2,CartAddFirst
1404206745208,133,1,LoginDetails
1404206746301,2893,3,Login
1404206748083,3572,4,End
1404206748854,3475,2,SearchRand
1404206749370,2950,3,LoginDetails
1404206749598,969,4,ThinkRequest
1404206749666,3409,0,Login
1404206750110,476,2,CartAddFirst
1404206750940,881,0,LoginDetails
1404206751687,696,3,Home
1404206752989,3390,4,Home
1404206753047,1069,2,SearchRand
1404206753378,208,0,Home
1404206755242,250,2,CartAddFirst
1404206755861,2040,3,CartView
1404206756019,346,2,Home
1404206756243,2204,4,End
1404206756743,2143,0,SearchRand
1404206756796,88,3,Home
1404206757771,10830,1,Home
1404206759125,654,0,CartAddFirst
1404206759179,2231,4,End
1404206759251,68,1,SearchRand
1404206760561,2689,3,CartView
1404206760562,680,4,ThinkRequest
1404206761110,530,1,CartAddFirst
1404206762374,2462,0,SearchRand
1404206763358,2658,3,Home
1404206764070,4821,2,Logout
1404206765187,304,3,Logout
1404206765197,291,0,CartAddFirst
1404206765888,1504,1,SearchRand
1404206766722,991,0,SearchRand
1404206767801,1282,3,End
1404206768530,7967,4,Home
1404206769477,652,1,CartAddFirst
1404206770264,300,3,End
1404206771220,580,4,CategoryDropShipProducts
1404206771778,671,3,ThinkRequest
1404206771788,2933,2,End
1404206772383,604,3,Home
1404206773112,1996,1,SearchRand
1404206773835,2500,4,Home
1404206774541,1480,3,QuickAddMain
1404206775799,3577,0,CartAddFirst
1404206776311,82,4,Login
1404206777302,1063,1,CartAddFirst
1404206777419,1193,0,Home
1404206777830,921,4,LoginDetails
1404206778866,1056,1,Home
1404206779561,121,4,Home
1404206779910,7322,2,End
1404206780262,3191,3,CartAddAll
1404206780697,42,2,ThinkRequest
1404206780856,75,3,Home
1404206781153,259,1,CartAddRoundGizmo
1404206782100,1091,4,Logout
1404206782536,1838,2,Home
1404206782805,3183,0,SearchRand
1404206784861,1017,1,CartView
1404206786055,288,1,Main
1404206786638,3120,3,End
1404206786778,1165,4,End
1404206787956,203,1,CheckOut
1404206788002,4023,2,End
1404206788743,174,1,CheckOutAddressNext
1404206789028,663,2,End
1404206789322,4796,0,CartAddFirst
1404206789869,2614,4,End
1404206789977,461,2,ThinkRequest
1404206790468,3091,3,End
1404206791308,354,3,ThinkRequest
1404206791563,1860,0,SearchRand
1404206791864,1886,2,Home
1404206792925,2680,4,ThinkRequest
1404206793293,367,4,Home
1404206794434,4712,1,CheckOutShippingNext
1404206795064,1861,0,CartAddFirst
1404206795476,418,1,CheckOutPaymentNext
1404206796850,3741,2,CategoryServices
1404206797841,6533,3,Home
1404206798364,1292,2,Home
1404206798636,701,0,SearchRand
1404206800990,413,0,CartAddFirst
1404206801046,1480,2,End
1404206801092,1843,1,ThinkRequest
1404206801167,2149,3,CartAddTinyChromeWidget
1404206801375,7231,4,CategoryDropShipProducts
1404206801688,99,2,End
1404206802644,1551,1,Home
1404206803768,1732,2,ThinkRequest
1404206804214,445,2,Home
1404206805619,373,3,Login
1404206806095,4512,4,Home
1404206806723,2043,1,CategoryDropShipProducts
1404206807560,615,1,Home
1404206808213,101,3,LoginDetails
1404206808741,7305,0,Home
1404206810485,124,3,Main
1404206811313,4172,2,CartView
1404206812773,368,3,CartAddRoundGizmo
1404206812848,1415,2,Home
1404206812992,3642,1,End
1404206814166,3674,0,Logout
1404206815021,63,2,Login
1404206816201,8267,4,CategoryDropShipProducts
1404206816621,1123,3,CheckOut
1404206816842,3468,1,End
1404206817451,2313,2,LoginDetails
1404206818614,2156,4,Home
1404206818654,1295,1,ThinkRequest
1404206818905,2153,0,End
1404206819713,1058,1,Home
1404206820129,1797,3,CheckOutAddressNext
1404206820536,1166,0,End
1404206820719,111,3,CheckOutShippingNext
1404206822345,1254,0,ThinkRequest
1404206822532,175,0,Home
1404206822646,3596,2,Home
1404206823903,6,1,Login
1404206826107,1475,1,LoginDetails
1404206826540,786,4,Login
1404206827275,790,3,ThinkRequest
1404206827614,339,3,Home
1404206829357,2253,4,LoginDetails
1404206830261,1252,3,End
1404206830905,149,3,End
1404206830931,439,0,QuickAddMain
1404206831098,56,4,Home
1404206831685,290,3,ThinkRequest
1404206832016,330,3,Home
1404206835475,1715,0,CartAddAll
1404206835727,7442,1,Home
1404206836791,3366,4,ContactUs
1404206836873,9582,2,QuickAddMain
1404206839084,1959,1,QuickAddWidget
1404206839386,3658,0,Home
1404206839789,5331,3,CartAddTinyChromeWidget
1404206839931,1862,2,CartAddAll
1404206840137,47,4,ContactUsDetails
1404206843761,1495,1,CartAddAll
1404206843878,1834,3,Login
1404206844736,675,3,LoginDetails
1404206844832,647,1,CartView
1404206844864,4487,2,CheckOut
1404206845584,4421,0,CategoryConfigurablesFoods
1404206846629,103,3,Main
1404206846648,782,0,Home
1404206846766,4633,4,Home
1404206848769,3548,2,CheckOutAddressNext
1404206849362,450,0,Login
1404206849803,1519,3,CartAddRoundGizmo
1404206851059,2222,4,Logout
1404206851895,2411,0,LoginDetails
1404206851939,1861,2,CheckOutShippingNext
1404206853703,1228,2,CheckOutPaymentNext
1404206854638,1759,3,CheckOut
1404206855021,476,4,End
1404206855301,428,3,CheckOutAddressNext
1404206855867,1199,2,CheckOutReviewSubmit
1404206856407,9908,1,CheckOut
1404206857228,976,3,CheckOutShippingNext
1404206857726,1793,4,End
1404206858146,31,4,ThinkRequest
1404206858515,368,4,Home
1404206859987,4617,0,Home
1404206862663,5016,3,CheckOutPaymentNext
1404206863838,70,3,CheckOutReviewSubmit
1404206864898,2256,0,Logout
1404206865623,786,4,QuickAddMain
1404206866753,573,0,End
1404206866915,10017,1,CheckOutAddressNext
1404206868115,323,1,CheckOutShippingNext
1404206869350,751,1,CheckOutPaymentNext
1404206869657,1081,4,ThinkRequest
1404206869921,1333,2,Home
1404206870136,1282,0,End
1404206870358,700,4,Home
1404206871246,503,0,ThinkRequest
1404206872119,872,0,Home
1404206873122,2460,1,CheckOutReviewSubmit
1404206873742,2455,2,SearchRand
1404206874838,178,2,CartAddFirst
1404206875101,1038,0,End
1404206876174,972,2,SearchRand
1404206876184,677,0,End
1404206876816,772,4,End
1404206879552,2338,4,End
1404206879938,3362,0,ThinkRequest
1404206880605,2726,2,CartAddFirst
1404206880889,950,0,Home
1404206881605,700,2,SearchRand
1404206884974,5082,4,ThinkRequest
1404206886158,1183,4,Home
1404206886870,2562,3,Main
1404206888177,3964,0,End
1404206889798,1149,0,End
1404206890306,2507,4,CategoryGiftCards
1404206890367,191,0,ThinkRequest
1404206891455,1008,4,Home
1404206892217,4057,3,OrderHistory
1404206893838,1016,3,OrderHistoryView
1404206894416,4049,0,Home
1404206895094,9144,2,CartAddFirst
1404206895528,162,0,Login
1404206897255,1408,0,LoginDetails
1404206897778,5583,4,CartAddTinyChromeWidget
1404206900419,961,0,Home
1404206901708,7050,3,Logout
1404206901895,695,0,CartAddTinyChromeWidget
1404206902787,7367,2,Home
1404206903881,2071,4,Login
1404206904233,313,3,Home
1404206904362,347,4,LoginDetails
1404206904463,263,0,Main
1404206908724,2572,0,CheckOut
1404206909022,3683,3,Login
1404206909521,5010,2,Logout
1404206910675,354,3,LoginDetails
1404206911626,2007,0,CheckOutAddressNext
1404206913126,561,0,CheckOutShippingNext
1404206913377,6019,4,Main
1404206914939,1366,4,CartAddRoundGizmo
1404206917603,1318,3,Home
1404206917912,1245,2,End
1404206918869,4213,0,CheckOutPaymentNext
1404206919047,13239,1,Home
1404206919987,880,4,CheckOut
1404206920390,1025,0,CheckOutReviewSubmit
1404206920789,2502,2,End
1404206923286,3735,3,SearchRand
1404206924340,2830,2,ThinkRequest
1404206924919,200,4,CheckOutAddressNext
1404206925077,31,3,CartAddFirst
1404206925282,4316,1,CartAddTinyChromeWidget
1404206925360,139,4,CheckOutShippingNext
1404206925601,1261,2,Home
1404206928336,2974,3,SearchRand
1404206928486,810,1,Main
1404206931034,2940,2,End
1404206931076,3256,4,CheckOutPaymentNext
1404206931662,260,1,CheckOut
1404206932268,567,2,End
1404206933035,125,2,ThinkRequest
1404206934232,1750,1,CheckOutAddressNext
1404206934467,3566,3,CartAddFirst
1404206935333,838,1,CheckOutShippingNext
1404206936025,2990,2,Home
1404206936310,1381,3,SearchRand
1404206936660,994,1,CheckOutPaymentNext
1404206937818,4009,0,OrderHistory
1404206938291,6593,4,CheckOutReviewSubmit
1404206939589,1863,1,CheckOutReviewSubmit
1404206940165,1573,0,OrderHistoryView
1404206941297,271,0,Home
1404206941807,1719,3,CartAddFirst
1404206945985,3838,3,Home
1404206946505,6873,2,CartAddTinyChromeWidget
1404206947404,3597,0,CartAddTinyChromeWidget
1404206951261,2044,0,Main
1404206952519,1593,3,Logout
1404206952578,1476,2,Login
1404206953440,276,2,LoginDetails
1404206955802,1241,3,End
1404206956060,3522,0,CheckOut
1404206956591,313,2,Main
1404206957475,523,0,CheckOutAddressNext
1404206957566,1383,3,End
1404206958161,136,3,ThinkRequest
1404206958238,485,0,CheckOutShippingNext
1404206958288,262,2,CartAddRoundGizmo
1404206959973,1811,3,Home
1404206960857,140,3,CartAddTinyChromeWidget
1404206962000,2186,0,CheckOutPaymentNext
1404206963474,542,2,CheckOut
1404206964523,232,0,CheckOutReviewSubmit
1404206967301,4862,3,Login
1404206969933,2132,4,Main
1404206970355,5097,2,CheckOutAddressNext
1404206971446,3731,3,LoginDetails
1404206972779,666,4,OrderHistory
1404206973695,2121,2,CheckOutShippingNext
1404206973846,931,4,OrderHistoryView
1404206975739,1758,2,CheckOutPaymentNext
1404206976597,1958,4,Logout
1404206977780,4024,3,Main
1404206979075,1982,2,CheckOutReviewSubmit
1404206979193,1143,1,OrderHistory
1404206980232,1360,3,CartAddRoundGizmo
1404206980723,903,1,OrderHistoryView
1404206982089,752,1,Home
1404206982346,3421,4,Home
1404206985536,2023,1,SearchRand
1404206988054,4888,3,CheckOut
1404206988164,4911,4,Login
1404206989150,809,3,CheckOutAddressNext
1404206990368,832,3,CheckOutShippingNext
1404206990724,464,1,CartAddFirst
1404206991395,420,1,SearchRand
1404206991404,3416,0,OrderHistory
1404206991626,88,0,OrderHistoryView
1404206992889,4152,4,LoginDetails
1404206995022,3328,3,CheckOutPaymentNext
1404206995614,51,0,ThinkRequest
1404206995942,327,0,Home
1404206995983,1625,4,Home
1404206996963,680,3,CheckOutReviewSubmit
1404206997565,316,4,QuickAddMain
1404206997582,4186,1,CartAddFirst
1404206997758,130,0,CategoryAccountActivation
1404206998467,446,0,Home
1404206998484,298,1,SearchRand
1404207001202,2303,4,CartAddAll
1404207001354,1513,0,Login
1404207001606,151,0,LoginDetails
1404207004734,1635,1,CartAddFirst
1404207005201,346,2,Main
1404207006329,1150,1,Home
1404207009173,730,0,Home
1404207009850,900,1,CartAddTinyChromeWidget
1404207010392,225,0,Logout
1404207011213,2867,2,OrderHistory
1404207012186,207,2,OrderHistoryView
1404207012621,193,0,End
1404207012719,11158,4,CheckOut
1404207013498,169,0,End
1404207013585,517,2,Logout
1404207014341,24,0,ThinkRequest
1404207016392,3242,4,CheckOutAddressNext
1404207016782,2440,0,Home
1404207017713,830,2,Home
1404207018652,6630,1,Main
1404207018795,2169,4,CheckOutShippingNext
1404207018916,820,0,CategoryDropShipProducts
1404207019821,648,4,CheckOutPaymentNext
1404207019846,1246,2,Login
1404207021391,2153,0,Home
1404207021742,1478,2,LoginDetails
1404207023006,732,0,CategoryWidgets
1404207023800,466,2,Home
1404207024110,5137,1,CheckOut
1404207025014,124,1,CheckOutAddressNext
1404207025343,2234,0,Home
1404207025379,4211,4,CheckOutReviewSubmit
1404207025677,986,2,QuickAddMain
1404207027866,2568,1,CheckOutShippingNext
1404207027893,1504,0,CartView
1404207028273,1207,2,CartAddAll
1404207029131,914,1,CheckOutPaymentNext
1404207030125,1502,0,Home
1404207032718,474,2,CheckOut
1404207034346,1393,2,CheckOutAddressNext
1404207037105,4145,1,ThinkRequest
1404207037774,5391,0,End
1404207038065,2807,2,CheckOutShippingNext
1404207038355,1249,1,Home
1404207038426,256,0,End
1404207039655,237,1,Login
1404207040772,1942,0,ThinkRequest
1404207041870,1087,2,CheckOutPaymentNext
1404207041942,1777,1,LoginDetails
1404207042810,2037,0,Home
1404207043994,315,0,QuickAddMain
1404207044946,1622,2,CheckOutReviewSubmit
1404207045428,157,0,CartAddAll
1404207046078,157,1,Home
1404207047841,412,3,Main
1404207048289,1353,1,Logout
1404207049023,381,3,OrderHistory
1404207050420,3071,0,Home
1404207050439,988,1,End
1404207051627,613,1,End
1404207051649,1957,3,OrderHistoryView
1404207052518,469,1,ThinkRequest
1404207052570,490,0,End
1404207053487,968,1,Home
1404207054583,1471,0,End
1404207055520,1262,1,Login
1404207055889,916,0,ThinkRequest
1404207055934,91,1,LoginDetails
1404207056157,267,0,Home
1404207057049,4716,3,Logout
1404207061498,4103,1,Home
1404207062101,5015,0,QuickAddMain
1404207064287,2116,3,Home
1404207064538,261,2,Home
1404207065339,87,0,CartAddAll
1404207067744,4055,1,CategoryDropShipProducts
1404207067880,1989,0,Home
1404207068446,514,1,CartAddFirst
1404207070762,2950,3,Login
1404207070988,4235,2,Logout
1404207072559,1690,3,LoginDetails
1404207072831,2936,1,Home
1404207073276,3754,0,Login
1404207074019,1973,2,Home
1404207074680,580,3,Home
1404207075651,327,2,Login
1404207075691,1874,0,LoginDetails
1404207076190,425,2,LoginDetails
1404207079345,1165,2,Home
1404207079588,1391,0,Home
1404207080334,235,4,Home
1404207080633,16,0,CategoryServices
1404207080900,556,2,CartAddRoundGizmo
1404207081846,483,4,SearchRand
1404207082395,5655,3,CartView
1404207082865,2085,0,CartAddFirst
1404207083462,8476,1,SearchRand
1404207083567,669,4,CartAddFirst
1404207083745,1183,2,CartView
1404207085015,2481,3,Home
1404207086228,719,2,Main
1404207086421,690,0,Home
1404207086739,2733,4,SearchRand
1404207086964,1382,1,CartAddFirst
1404207087459,878,2,CheckOut
1404207088058,207,1,SearchRand
1404207088295,1830,3,OrderHistory
1404207088773,191,3,Home
1404207090082,1537,4,CartAddFirst
1404207090353,1026,3,CartAddTinyChromeWidget
1404207090565,2201,2,CheckOutAddressNext
1404207090941,3129,0,CategoryServices
1404207090954,9,2,CheckOutShippingNext
1404207092527,1358,0,CartAddFirst
1404207092848,1963,1,CartAddFirst
1404207093036,2200,4,SearchRand
1404207094402,1797,2,CheckOutPaymentNext
1404207094536,1057,1,SearchRand
1404207094942,1507,3,Main
1404207097391,4282,0,Home
1404207097830,193,4,CartAddFirst
1404207098950,291,4,Home
1404207099527,363,0,SearchRand
1404207100921,11,4,Logout
1404207102147,5510,2,CheckOutReviewSubmit
1404207103005,3691,1,CartAddFirst
1404207103909,76,4,End
1404207104876,1579,1,Home
1404207105421,1140,4,End
1404207105510,6148,3,CheckOut
1404207105697,4802,0,CartAddFirst
1404207105934,2,3,CheckOutAddressNext
1404207106169,213,4,ThinkRequest
1404207106222,425,1,CartAddRoundGizmo
1404207106702,532,4,Home
1404207109529,3309,0,SearchRand
1404207110380,904,3,ThinkRequest
1404207110835,455,3,Home
1404207111048,1702,1,CartView
1404207112102,3374,4,End
1404207112814,195,4,End
1404207113364,1487,1,Main
1404207113681,2863,0,CartAddFirst
1404207114592,2913,3,Login
1404207114837,1609,4,ThinkRequest
1404207115193,355,4,Home
1404207116593,2436,1,CheckOut
1404207118183,2084,0,SearchRand
1404207118678,3532,3,LoginDetails
1404207119309,2332,1,CheckOutAddressNext
1404207120273,3061,4,CategoryConfigurablesPCs
1404207120393,745,1,CheckOutShippingNext
1404207121171,466,3,Home
1404207121233,35,1,CheckOutPaymentNext
1404207121508,924,4,Home
1404207121623,722,0,CartAddFirst
1404207121982,11,0,Home
1404207126782,1551,4,Login
1404207126950,293,0,SearchRand
1404207127357,1743,1,CheckOutReviewSubmit
1404207127875,448,4,LoginDetails
1404207128361,3919,3,Logout
1404207128748,729,0,CartAddFirst
1404207130535,3975,2,Home
1404207131458,1971,4,Home
1404207132779,3545,0,SearchRand
1404207134820,3536,3,End
1404207136339,1134,3,End
1404207136908,4167,4,CartAddRoundGizmo
